"Device Name","Ticket Name","Order Source","Number of Items","Items in Ticket","Completion Time (seconds)","Time Created","Time Completed","Time Due","Time Recalled"
"MILK","","Point of Sale","2","1x 12oz/Medium; 1x 16oz/Large","921","2026-02-09 05:02:16","2026-02-09 05:17:37","",""
"MILK","","Point of Sale","2","1x 20oz\ICED LARGE; 1x Ham And Cheese Croissant","1346","2026-02-09 05:05:55","2026-02-09 05:28:21","",""
"MILK","","Point of Sale","3","1x 6oz; 1x Sweet Pastry; 1x 6oz","1283","2026-02-09 05:06:59","2026-02-09 05:28:22","",""
"MILK","","Point of Sale","2","1x 16oz/ICED MEDIUM; 1x A Sweet Muffin","1056","2026-02-09 05:10:47","2026-02-09 05:28:23","",""
"MILK","","Point of Sale","1","1x 12oz/Medium","1034","2026-02-09 05:11:09","2026-02-09 05:28:23","",""
"MILK","","Point of Sale","1","1x 12oz/ICED SMALL","831","2026-02-09 05:14:31","2026-02-09 05:28:22","",""
"MILK","","Point of Sale","1","1x 16oz/Large","1321","2026-02-09 05:19:37","2026-02-09 05:41:38","",""
"MILK","","Point of Sale","2","2x 12oz/Medium","1246","2026-02-09 05:20:52","2026-02-09 05:41:38","",""
"MILK","","Point of Sale","1","1x 16oz/ICED MEDIUM","1235","2026-02-09 05:21:05","2026-02-09 05:41:40","",""
"MILK","","Point of Sale","1","1x 8oz/Small","1186","2026-02-09 05:21:54","2026-02-09 05:41:40","",""
"MILK","","Point of Sale","2","2x 16oz/Large","1034","2026-02-09 05:24:27","2026-02-09 05:41:41","",""
"MILK","","Point of Sale","1","1x 8oz/Small","307","2026-02-09 05:27:47","2026-02-09 05:32:54","",""
"MILK","","Point of Sale","1","1x 12oz/Medium","229","2026-02-09 05:29:10","2026-02-09 05:32:59","",""
"MILK","","Point of Sale","1","1x 16oz/Large","1709","2026-02-09 05:31:21","2026-02-09 05:59:50","",""
"MILK","","Point of Sale","1","1x 8oz/Small","1695","2026-02-09 05:31:36","2026-02-09 05:59:51","",""
"MILK","","Point of Sale","2","2x 16oz/Large","1646","2026-02-09 05:32:25","2026-02-09 05:59:51","",""
"MILK","","Point of Sale","1","1x 20oz\ICED LARGE","1293","2026-02-09 05:38:19","2026-02-09 05:59:52","",""
"MILK","","Point of Sale","1","1x 12oz/Medium","1268","2026-02-09 05:38:45","2026-02-09 05:59:53","",""
"MILK","","Point of Sale","2","2x 20oz\ICED LARGE","893","2026-02-09 05:45:00","2026-02-09 05:59:53","",""
"MILK","","Point of Sale","2","1x 12oz/Medium; 1x 16oz/Large","834","2026-02-09 05:46:00","2026-02-09 05:59:54","",""
"MILK","","Point of Sale","1","1x 8oz/Small","796","2026-02-09 05:47:41","2026-02-09 06:00:57","",""
"MILK","","Point of Sale","1","1x 16oz/Large","671","2026-02-09 05:48:43","2026-02-09 05:59:54","",""
"MILK","","Point of Sale","1","1x 20oz\ICED LARGE","553","2026-02-09 05:51:43","2026-02-09 06:00:56","",""
"MILK","","Point of Sale","2","1x 6oz; 1x 12oz/ICED SMALL","436","2026-02-09 05:53:41","2026-02-09 06:00:57","",""
"MILK","","Point of Sale","1","1x 16oz/Large","352","2026-02-09 05:55:03","2026-02-09 06:00:55","",""
"MILK","","Point of Sale","1","1x 12oz/Medium","404","2026-02-09 05:55:46","2026-02-09 06:02:30","",""
"MILK","","Point of Sale","1","1x 16oz/ICED MEDIUM","386","2026-02-09 05:56:05","2026-02-09 06:02:31","",""
"MILK","","Point of Sale","2","1x 12oz/Medium; 1x 16oz/ICED MEDIUM","616","2026-02-09 05:58:43","2026-02-09 06:08:59","",""
"MILK","","Point of Sale","1","1x 16oz/ICED MEDIUM","583","2026-02-09 05:59:15","2026-02-09 06:08:58","",""
"MILK","","Point of Sale","1","1x 20oz\ICED LARGE","607","2026-02-09 06:01:01","2026-02-09 06:11:08","",""
"MILK","","Point of Sale","2","1x 12oz/Medium; 1x 12oz/Medium","362","2026-02-09 06:05:06","2026-02-09 06:11:08","",""
"MILK","","Point of Sale","1","1x 16oz/Large","345","2026-02-09 06:05:24","2026-02-09 06:11:09","",""
"MILK","","Point of Sale","2","1x 12oz/Medium; 1x 12oz/Medium","665","2026-02-09 06:07:06","2026-02-09 06:18:11","",""
"MILK","","Point of Sale","1","1x ","471","2026-02-09 06:10:19","2026-02-09 06:18:10","",""
"MILK","","Point of Sale","1","1x 16oz/Large","445","2026-02-09 06:10:45","2026-02-09 06:18:10","",""
"MILK","","Point of Sale","1","1x 16oz/ICED MEDIUM","423","2026-02-09 06:11:06","2026-02-09 06:18:09","",""
"MILK","","Point of Sale","1","1x 6oz","321","2026-02-09 06:12:48","2026-02-09 06:18:09","",""
"MILK","","Point of Sale","2","1x 12oz/Medium; 1x 16oz/ICED MEDIUM","704","2026-02-09 06:13:29","2026-02-09 06:25:13","",""
"MILK","Rach","Point of Sale","1","1x 12oz/Medium","626","2026-02-09 06:14:48","2026-02-09 06:25:14","",""
"MILK","Toby","Point of Sale","2","1x 8oz/Small; 1x Pupacino","609","2026-02-09 06:15:05","2026-02-09 06:25:14","",""
"MILK","","Point of Sale","1","1x 8oz/Small","582","2026-02-09 06:15:33","2026-02-09 06:25:15","",""
"MILK","Hamptons shirt","Point of Sale","2","1x 16oz/ICED MEDIUM; 1x Pupacino","547","2026-02-09 06:16:08","2026-02-09 06:25:15","",""
"MILK","Rose","Point of Sale","1","1x 12oz/Medium","640","2026-02-09 06:18:43","2026-02-09 06:29:23","",""
"MILK","Karen","Point of Sale","1","1x 12oz/ICED SMALL","590","2026-02-09 06:19:34","2026-02-09 06:29:24","",""
"MILK","Karens friend","Point of Sale","1","1x 8oz/Small","572","2026-02-09 06:19:52","2026-02-09 06:29:24","",""
"MILK","Mel","Point of Sale","1","1x 6oz","494","2026-02-09 06:21:11","2026-02-09 06:29:25","",""
"MILK","","Point of Sale","1","1x Kombucha","652","2026-02-09 06:21:33","2026-02-09 06:32:25","",""
"MILK","","Point of Sale","1","1x 8oz/Small","600","2026-02-09 06:22:24","2026-02-09 06:32:24","",""
"MILK","","Point of Sale","6","4x Pupacino; 1x 16oz/ICED MEDIUM; 1x 12oz/ICED SMALL","541","2026-02-09 06:23:23","2026-02-09 06:32:24","",""
"MILK","","Point of Sale","1","1x 8oz/Small","509","2026-02-09 06:23:55","2026-02-09 06:32:24","",""
"MILK","","Point of Sale","1","1x 12oz/ICED SMALL","129","2026-02-09 06:30:16","2026-02-09 06:32:25","",""
"MILK","","Point of Sale","2","1x 12oz/Medium; 1x 12oz/Medium","569","2026-02-09 06:31:25","2026-02-09 06:40:54","",""
"MILK","","Point of Sale","1","1x 8oz/Small","431","2026-02-09 06:33:43","2026-02-09 06:40:54","",""
"MILK","","Point of Sale","1","1x 8oz/Small","406","2026-02-09 06:34:08","2026-02-09 06:40:54","",""
"MILK","","Point of Sale","1","1x 12oz/Medium","159","2026-02-09 06:38:17","2026-02-09 06:40:56","",""
"MILK","","Point of Sale","1","1x 12oz/Medium","1086","2026-02-09 06:45:45","2026-02-09 07:03:51","",""
"MILK","","Point of Sale","1","1x 16oz/ICED MEDIUM","889","2026-02-09 06:49:02","2026-02-09 07:03:51","",""
"MILK","","Point of Sale","1","1x 8oz/Small","756","2026-02-09 06:51:16","2026-02-09 07:03:52","",""
"MILK","2116684450","Square Online","2","1x 16oz/Large; 1x 16oz/Large","291","2026-02-09 06:59:01","2026-02-09 07:03:52","2026-02-09 06:58:56",""
"MILK","","Point of Sale","1","1x 8oz/Small","208","2026-02-09 07:00:25","2026-02-09 07:03:53","",""
"MILK","","Point of Sale","2","1x 12oz/ICED SMALL; 1x TOASTIE","3935","2026-02-09 07:07:16","2026-02-09 08:12:51","",""
"MILK","","Point of Sale","1","1x 12oz/Medium","3888","2026-02-09 07:08:04","2026-02-09 08:12:52","",""
"MILK","","Point of Sale","1","1x 12oz/Medium","3640","2026-02-09 07:12:12","2026-02-09 08:12:52","",""
"MILK","","Point of Sale","1","1x 12oz/Medium","3401","2026-02-09 07:16:12","2026-02-09 08:12:53","",""
"MILK","","Point of Sale","1","1x 12oz/ICED SMALL","3384","2026-02-09 07:16:29","2026-02-09 08:12:53","",""
"MILK","","Point of Sale","1","1x 16oz/ICED MEDIUM","682","2026-02-09 07:20:50","2026-02-09 07:32:12","",""
"MILK","","Point of Sale","1","1x 6oz","638","2026-02-09 07:21:35","2026-02-09 07:32:13","",""
"MILK","","Point of Sale","1","1x 12oz/ICED SMALL","533","2026-02-09 07:23:20","2026-02-09 07:32:13","",""
"MILK","","Point of Sale","1","1x 16oz/ICED MEDIUM","472","2026-02-09 07:24:22","2026-02-09 07:32:14","",""
"MILK","","Point of Sale","2","1x 8oz/Small; 1x Fiji Water","66","2026-02-09 07:31:08","2026-02-09 07:32:14","",""
"MILK","","Point of Sale","2","1x Fruit Juice; 1x 12oz/Medium","527","2026-02-09 07:34:23","2026-02-09 07:43:10","",""
"MILK","","Point of Sale","3","1x 16oz/ICED MEDIUM; 2x 12oz/Medium","425","2026-02-09 07:36:06","2026-02-09 07:43:11","",""
"MILK","216746498","Square Online","2","1x 12oz/ICED SMALL; 1x 6oz","423","2026-02-09 07:36:08","2026-02-09 07:43:11","2026-02-09 07:36:04",""
"MILK","","Point of Sale","3","1x 12oz/ICED SMALL; 1x 12oz/Medium; 1x 12oz/Medium","336","2026-02-09 07:40:37","2026-02-09 07:46:13","",""
"MILK","","Point of Sale","2","1x 8oz/Small; 1x 6oz","125","2026-02-09 07:46:04","2026-02-09 07:48:09","",""
"MILK","","Point of Sale","1","1x 16oz/ICED MEDIUM","149","2026-02-09 07:46:23","2026-02-09 07:48:52","",""
"MILK","","Point of Sale","3","1x A Sweet Muffin; 1x Pupacino; 1x 12oz/Medium","362","2026-02-09 07:46:44","2026-02-09 07:52:46","",""
"MILK","","Point of Sale","1","1x 4oz/Pic, Esp, Dop","346","2026-02-09 07:47:00","2026-02-09 07:52:46","",""
"MILK","","Point of Sale","1","1x 8oz/Small","285","2026-02-09 07:48:02","2026-02-09 07:52:47","",""
"MILK","","Point of Sale","1","1x 16oz/Large","351","2026-02-09 07:48:19","2026-02-09 07:54:10","",""
"MILK","1847531050","Square Online","2","1x 12oz/ICED SMALL; 1x 16oz/ICED MEDIUM","808","2026-02-09 07:48:28","2026-02-09 08:01:56","2026-02-09 07:48:24",""
"MILK","","Point of Sale","1","1x 16oz/ICED MEDIUM","207","2026-02-09 07:50:43","2026-02-09 07:54:10","",""
"MILK","","Point of Sale","3","1x TOASTIE; 1x 6oz; 1x Pupacino","630","2026-02-09 07:51:26","2026-02-09 08:01:56","",""
"MILK","","Point of Sale","1","1x 16oz/ICED MEDIUM","506","2026-02-09 07:53:31","2026-02-09 08:01:57","",""
"MILK","","Point of Sale","1","1x 4oz/Pic, Esp, Dop","427","2026-02-09 07:57:40","2026-02-09 08:04:47","",""
"MILK","","Point of Sale","1","1x 12oz/ICED SMALL","402","2026-02-09 07:58:04","2026-02-09 08:04:46","",""
"MILK","","Point of Sale","1","1x 12oz/Medium","299","2026-02-09 07:59:45","2026-02-09 08:04:44","",""
"MILK","","Point of Sale","1","1x 12oz/Medium","290","2026-02-09 07:59:56","2026-02-09 08:04:46","",""
"MILK","","Point of Sale","1","1x 12oz/Medium","301","2026-02-09 08:01:16","2026-02-09 08:06:17","",""
"MILK","","Point of Sale","2","1x 8oz/Small; 1x 8oz/Small","678","2026-02-09 08:01:30","2026-02-09 08:12:48","",""
"MILK","","Point of Sale","2","1x 16oz/ICED MEDIUM; 1x A Savoury Muffin","594","2026-02-09 08:02:54","2026-02-09 08:12:48","",""
"MILK","","Point of Sale","3","1x 12oz/Medium; 1x Fiji Water; 1x Babycino","529","2026-02-09 08:04:00","2026-02-09 08:12:49","",""
"MILK","","Point of Sale","1","1x 12oz/Medium","489","2026-02-09 08:04:40","2026-02-09 08:12:49","",""
"MILK","","Point of Sale","1","1x 8oz/Small","409","2026-02-09 08:06:00","2026-02-09 08:12:49","",""
"MILK","","Point of Sale","3","1x 12oz/ICED SMALL; 1x Breakfast Wrap; 1x 500g Beans","768","2026-02-09 08:11:09","2026-02-09 08:23:57","",""
"MILK","","Point of Sale","2","1x 16oz/Large; 1x 8oz/Small","750","2026-02-09 08:11:27","2026-02-09 08:23:57","",""
"MILK","","Point of Sale","1","1x 16oz/ICED MEDIUM","624","2026-02-09 08:13:34","2026-02-09 08:23:58","",""
"MILK","","Point of Sale","1","1x 16oz/ICED MEDIUM","561","2026-02-09 08:14:38","2026-02-09 08:23:59","",""
"MILK","","Point of Sale","1","1x 12oz/Medium","467","2026-02-09 08:16:12","2026-02-09 08:23:59","",""
"MILK","","Point of Sale","2","1x 12oz/Medium; 1x 16oz/Large","915","2026-02-09 08:22:19","2026-02-09 08:37:34","",""
"MILK","","Point of Sale","1","1x 16oz/ICED MEDIUM","878","2026-02-09 08:22:56","2026-02-09 08:37:34","",""
"MILK","","Point of Sale","1","1x 16oz/Large","774","2026-02-09 08:24:41","2026-02-09 08:37:35","",""
"MILK","","Point of Sale","1","1x 8oz/Small","715","2026-02-09 08:25:40","2026-02-09 08:37:35","",""
"MILK","","Point of Sale","1","1x 6oz","827","2026-02-09 08:34:19","2026-02-09 08:48:06","",""
"MILK","","Point of Sale","1","1x 16oz/ICED MEDIUM","606","2026-02-09 08:38:00","2026-02-09 08:48:06","",""
"MILK","","Point of Sale","2","2x 12oz/Medium","360","2026-02-09 08:42:05","2026-02-09 08:48:05","",""
"MILK","","Point of Sale","1","1x 16oz/ICED MEDIUM","308","2026-02-09 08:42:56","2026-02-09 08:48:04","",""
"MILK","","Point of Sale","2","1x 12oz/ICED SMALL; 1x 8oz/Small","279","2026-02-09 08:43:25","2026-02-09 08:48:04","",""
"MILK","","Point of Sale","1","1x 12oz/Medium","432","2026-02-09 08:44:52","2026-02-09 08:52:04","",""
"MILK","Alex","Point of Sale","2","1x TOASTIE; 1x 16oz/ICED MEDIUM","407","2026-02-09 08:45:29","2026-02-09 08:52:16","",""
"MILK","Pj","Point of Sale","1","1x 8oz/Small","393","2026-02-09 08:45:44","2026-02-09 08:52:17","",""
"MILK","","Point of Sale","1","1x 12oz/Medium","370","2026-02-09 08:45:55","2026-02-09 08:52:05","",""
"MILK","","Point of Sale","1","1x 12oz/Medium","463","2026-02-09 08:46:41","2026-02-09 08:54:24","",""
"MILK","","Point of Sale","1","1x 16oz/Large","375","2026-02-09 08:48:09","2026-02-09 08:54:24","",""
"MILK","","Point of Sale","1","1x 16oz/Large","429","2026-02-09 08:49:47","2026-02-09 08:56:56","",""
"MILK","","Point of Sale","3","1x Babycino; 1x Sweet Pastry; 1x 8oz/Small","334","2026-02-09 08:51:23","2026-02-09 08:56:57","",""
"MILK","","Point of Sale","1","1x 12oz/Medium","885","2026-02-09 08:51:46","2026-02-09 09:06:31","",""
"MILK","","Point of Sale","1","1x 16oz/Large","511","2026-02-09 08:58:01","2026-02-09 09:06:32","",""
"MILK","","Point of Sale","2","1x 16oz/ICED MEDIUM; 1x 16oz/Large","471","2026-02-09 08:58:41","2026-02-09 09:06:32","",""
"MILK","","Point of Sale","1","1x 6oz","358","2026-02-09 08:59:05","2026-02-09 09:05:03","",""
"MILK","","Point of Sale","2","1x 12oz/Medium; 1x 12oz/Medium","708","2026-02-09 09:01:44","2026-02-09 09:13:32","",""
"MILK","","Point of Sale","1","1x 12oz/ICED SMALL","649","2026-02-09 09:02:42","2026-02-09 09:13:31","",""
"MILK","","Point of Sale","1","1x 8oz/Small","238","2026-02-09 09:13:20","2026-02-09 09:17:18","",""
"MILK","","Point of Sale","1","1x 12oz/Medium","86","2026-02-09 09:15:52","2026-02-09 09:17:18","",""
"MILK","","Point of Sale","1","1x 12oz/Medium","411","2026-02-09 09:17:46","2026-02-09 09:24:37","",""
"MILK","","Point of Sale","1","1x 12oz/Medium","395","2026-02-09 09:18:02","2026-02-09 09:24:37","",""
"MILK","","Point of Sale","1","1x 8oz/Small","278","2026-02-09 09:20:00","2026-02-09 09:24:38","",""
"MILK","","Point of Sale","2","2x 20oz\ICED LARGE","172","2026-02-09 09:21:47","2026-02-09 09:24:39","",""
"MILK","","Point of Sale","1","1x 16oz/Large","112","2026-02-09 09:22:46","2026-02-09 09:24:38","",""
"MILK","","Point of Sale","1","1x 12oz/Medium","279","2026-02-09 09:23:19","2026-02-09 09:27:58","",""
"MILK","","Point of Sale","1","1x 12oz/ICED SMALL","184","2026-02-09 09:24:55","2026-02-09 09:27:59","",""
"MILK","","Point of Sale","1","1x 16oz/ICED MEDIUM","168","2026-02-09 09:25:12","2026-02-09 09:28:00","",""
"MILK","","Point of Sale","1","1x 16oz/ICED MEDIUM","445","2026-02-09 09:33:19","2026-02-09 09:40:44","",""
"MILK","","Point of Sale","1","1x 12oz/Medium","267","2026-02-09 09:36:17","2026-02-09 09:40:44","",""
"MILK","","Point of Sale","3","1x 12oz/Medium; 1x Sweet Pastry; 1x 12oz/Medium","620","2026-02-09 09:42:58","2026-02-09 09:53:18","",""
"MILK","","Point of Sale","2","1x 12oz/Medium; 1x 12oz/Medium","123","2026-02-09 09:51:16","2026-02-09 09:53:19","",""
"MILK","","Point of Sale","1","1x 12oz/Medium","92","2026-02-09 09:56:17","2026-02-09 09:57:49","",""
"MILK","","Point of Sale","1","1x Sweet Pastry","835","2026-02-09 09:57:42","2026-02-09 10:11:37","",""
"MILK","","Point of Sale","1","1x 12oz/Medium","550","2026-02-09 10:02:28","2026-02-09 10:11:38","",""
"MILK","","Point of Sale","1","1x Fruit Juice","338","2026-02-09 10:06:00","2026-02-09 10:11:38","",""
"MILK","","Point of Sale","1","1x 12oz/Medium","148","2026-02-09 10:09:10","2026-02-09 10:11:38","",""
"MILK","","Point of Sale","1","1x 12oz/Medium","125","2026-02-09 10:09:34","2026-02-09 10:11:39","",""
"MILK","","Point of Sale","1","1x 12oz/Medium","106","2026-02-09 10:20:28","2026-02-09 10:22:14","",""
"MILK","","Point of Sale","1","1x Fiji Water","24","2026-02-09 10:21:50","2026-02-09 10:22:14","",""
"MILK","","Point of Sale","1","1x 20oz\ICED LARGE","189","2026-02-09 10:22:41","2026-02-09 10:25:50","",""
"MILK","","Point of Sale","2","1x 12oz/ICED SMALL; 1x BUTTERBOY","690","2026-02-09 10:28:34","2026-02-09 10:40:04","",""
"MILK","","Point of Sale","2","2x 8oz/Small","143","2026-02-09 11:11:25","2026-02-09 11:13:48","",""
"MILK","","Point of Sale","1","1x 16oz/Large","93","2026-02-09 11:23:53","2026-02-09 11:25:26","",""
"MILK","","Point of Sale","2","1x 16oz/Large; 1x Plain Croissant","368","2026-02-09 11:27:58","2026-02-09 11:34:06","",""
"MILK","","Point of Sale","4","1x Fiji Water; 1x BUTTERBOY; 2x 12oz/ICED SMALL","138","2026-02-09 11:31:48","2026-02-09 11:34:06","",""
"MILK","","Point of Sale","2","1x 12oz/Medium; 1x 12oz/Medium","14","2026-02-09 11:41:18","2026-02-09 11:41:32","",""
"MILK","","Point of Sale","2","1x 16oz/ICED MEDIUM; 1x 16oz/ICED MEDIUM","655","2026-02-09 11:58:12","2026-02-09 12:09:07","",""
"MILK","","Point of Sale","1","1x 12oz/Medium","140","2026-02-09 12:06:48","2026-02-09 12:09:08","",""
