Sales,01/01/2025,02/01/2025,03/01/2025,04/01/2025,05/01/2025,06/01/2025,07/01/2025,08/01/2025,09/01/2025,10/01/2025,11/01/2025,12/01/2025,13/01/2025,14/01/2025,15/01/2025,16/01/2025,17/01/2025,18/01/2025,19/01/2025,20/01/2025,21/01/2025,22/01/2025,23/01/2025,24/01/2025,25/01/2025,26/01/2025,27/01/2025,28/01/2025,29/01/2025,30/01/2025,31/01/2025,01/02/2025,02/02/2025,03/02/2025,04/02/2025,05/02/2025,06/02/2025,07/02/2025,08/02/2025,09/02/2025,10/02/2025,11/02/2025,12/02/2025,13/02/2025,14/02/2025,15/02/2025,16/02/2025,17/02/2025,18/02/2025,19/02/2025,20/02/2025,21/02/2025,22/02/2025,23/02/2025,24/02/2025,25/02/2025,26/02/2025,27/02/2025,28/02/2025,01/03/2025,02/03/2025,03/03/2025,04/03/2025,05/03/2025,06/03/2025,07/03/2025,08/03/2025,09/03/2025,10/03/2025,11/03/2025,12/03/2025,13/03/2025,14/03/2025,15/03/2025,16/03/2025,17/03/2025,18/03/2025,19/03/2025,20/03/2025,21/03/2025,22/03/2025,23/03/2025,24/03/2025,25/03/2025,26/03/2025,27/03/2025,28/03/2025,29/03/2025,30/03/2025,31/03/2025,01/04/2025,02/04/2025,03/04/2025,04/04/2025,05/04/2025,06/04/2025,07/04/2025,08/04/2025,09/04/2025,10/04/2025,11/04/2025,12/04/2025,13/04/2025,14/04/2025,15/04/2025,16/04/2025,17/04/2025,18/04/2025,19/04/2025,20/04/2025,21/04/2025,22/04/2025,23/04/2025,24/04/2025,25/04/2025,26/04/2025,27/04/2025,28/04/2025,29/04/2025,30/04/2025,01/05/2025,02/05/2025,03/05/2025,04/05/2025,05/05/2025,06/05/2025,07/05/2025,08/05/2025,09/05/2025,10/05/2025,11/05/2025,12/05/2025,13/05/2025,14/05/2025,15/05/2025,16/05/2025,17/05/2025,18/05/2025,19/05/2025,20/05/2025,21/05/2025,22/05/2025,23/05/2025,24/05/2025,25/05/2025,26/05/2025,27/05/2025,28/05/2025,29/05/2025,30/05/2025,31/05/2025,01/06/2025,02/06/2025,03/06/2025,04/06/2025,05/06/2025,06/06/2025,07/06/2025,08/06/2025,09/06/2025,10/06/2025,11/06/2025,12/06/2025,13/06/2025,14/06/2025,15/06/2025,16/06/2025,17/06/2025,18/06/2025,19/06/2025,20/06/2025,21/06/2025,22/06/2025,23/06/2025,24/06/2025,25/06/2025,26/06/2025,27/06/2025,28/06/2025,29/06/2025,30/06/2025,01/07/2025,02/07/2025,03/07/2025,04/07/2025,05/07/2025,06/07/2025,07/07/2025,08/07/2025,09/07/2025,10/07/2025,11/07/2025,12/07/2025,13/07/2025,14/07/2025,15/07/2025,16/07/2025,17/07/2025,18/07/2025,19/07/2025,20/07/2025,21/07/2025,22/07/2025,23/07/2025,24/07/2025,25/07/2025,26/07/2025,27/07/2025,28/07/2025,29/07/2025,30/07/2025,31/07/2025,01/08/2025,02/08/2025,03/08/2025,04/08/2025,05/08/2025,06/08/2025,07/08/2025,08/08/2025,09/08/2025,10/08/2025,11/08/2025,12/08/2025,13/08/2025,14/08/2025,15/08/2025,16/08/2025,17/08/2025,18/08/2025,19/08/2025,20/08/2025,21/08/2025,22/08/2025,23/08/2025,24/08/2025,25/08/2025,26/08/2025,27/08/2025,28/08/2025,29/08/2025,30/08/2025,31/08/2025,01/09/2025,02/09/2025,03/09/2025,04/09/2025,05/09/2025,06/09/2025,07/09/2025,08/09/2025,09/09/2025,10/09/2025,11/09/2025,12/09/2025,13/09/2025,14/09/2025,15/09/2025,16/09/2025,17/09/2025,18/09/2025,19/09/2025,20/09/2025,21/09/2025,22/09/2025,23/09/2025,24/09/2025,25/09/2025,26/09/2025,27/09/2025,28/09/2025,29/09/2025,30/09/2025,01/10/2025,02/10/2025,03/10/2025,04/10/2025,05/10/2025,06/10/2025,07/10/2025,08/10/2025,09/10/2025,10/10/2025,11/10/2025,12/10/2025,13/10/2025,14/10/2025,15/10/2025,16/10/2025,17/10/2025,18/10/2025,19/10/2025,20/10/2025,21/10/2025,22/10/2025,23/10/2025,24/10/2025,25/10/2025,26/10/2025,27/10/2025,28/10/2025,29/10/2025,30/10/2025,31/10/2025,01/11/2025,02/11/2025,03/11/2025,04/11/2025,05/11/2025,06/11/2025,07/11/2025,08/11/2025,09/11/2025,10/11/2025,11/11/2025,12/11/2025,13/11/2025,14/11/2025,15/11/2025,16/11/2025,17/11/2025,18/11/2025,19/11/2025,20/11/2025,21/11/2025,22/11/2025,23/11/2025,24/11/2025,25/11/2025,26/11/2025,27/11/2025,28/11/2025,29/11/2025,30/11/2025,01/12/2025,02/12/2025,03/12/2025,04/12/2025,05/12/2025,06/12/2025,07/12/2025,08/12/2025,09/12/2025,10/12/2025,11/12/2025,12/12/2025,13/12/2025,14/12/2025,15/12/2025,16/12/2025,17/12/2025,18/12/2025,19/12/2025,20/12/2025,21/12/2025,22/12/2025,23/12/2025,24/12/2025,25/12/2025,26/12/2025,27/12/2025,28/12/2025,29/12/2025,30/12/2025,31/12/2025,01/01/2026
Product Sales,$0.00,"$1,798.39","$1,791.02","$1,457.47","$1,760.30","$1,455.16","$1,468.14","$1,431.47","$1,673.04","$1,669.19","$1,714.65","$1,452.89","$1,421.05","$1,454.27","$1,619.34","$1,509.81","$1,683.23","$1,566.31","$1,307.74","$1,524.00","$1,386.72","$1,347.64","$1,375.70","$1,517.64","$1,752.05","$1,239.67","$1,502.78","$1,474.88","$1,454.82","$1,571.44","$1,535.68","$1,577.71","$1,345.11","$1,457.61","$1,388.03","$1,634.89","$1,326.10","$1,867.39","$1,598.75","$1,322.88","$1,582.22","$1,621.93","$1,568.77","$1,341.31","$1,796.27","$1,540.66","$1,379.47","$1,506.82","$1,538.20","$1,531.12","$1,503.98","$1,952.22","$1,741.26","$1,410.86","$1,420.04","$1,556.74","$1,629.08","$1,205.31","$1,694.39","$1,680.62","$1,356.06","$1,381.67","$1,757.77","$1,758.47","$2,747.29","$2,539.67",$0.00,"$1,481.68","$2,346.59","$1,593.96","$1,652.30","$1,701.55","$1,760.28","$1,352.39","$1,421.03","$1,454.95","$1,495.44","$1,898.72","$1,556.92","$1,683.92","$1,570.93","$1,046.58","$1,548.48","$1,596.57","$1,406.24","$1,687.95","$1,553.21","$1,480.54","$1,364.77","$1,539.38","$1,485.61","$1,536.59","$1,627.94","$1,700.10","$1,802.36","$1,215.92","$1,642.48","$1,606.04","$1,504.69","$1,489.85","$2,102.88","$1,622.07","$1,120.43","$1,629.45","$1,661.94","$1,475.52","$1,712.65","$1,876.83","$1,515.56","$1,281.56","$1,830.50","$1,670.53","$1,532.62","$1,850.24","$2,069.58","$1,429.12","$1,260.36","$1,642.97","$1,605.40","$1,516.38","$1,792.15","$1,974.54","$1,785.91","$1,157.17","$2,083.19","$1,401.61","$1,523.50","$1,587.41","$1,770.56","$1,810.05","$1,542.64","$1,361.21","$1,547.82","$1,474.33","$1,641.62","$1,884.76","$1,769.18","$1,454.41","$1,432.68","$1,776.53","$1,592.63","$1,760.61","$2,084.27","$1,568.90","$1,407.11","$1,388.26","$1,736.22","$1,539.99","$1,798.73","$1,861.73","$1,655.45","$1,555.99","$1,801.76","$1,691.01","$1,747.18","$1,728.83","$1,776.06","$1,585.59","$1,397.21","$1,604.21","$1,640.04","$1,475.11","$1,810.79","$1,628.94","$1,815.58","$1,378.58","$1,487.67","$1,805.43","$1,560.13","$1,709.82","$1,906.16","$1,650.83","$1,611.87","$1,643.49","$1,656.26","$1,583.20","$1,735.18","$1,895.89","$1,320.48","$1,155.69","$1,652.24","$1,544.13","$1,564.38","$1,599.80","$2,009.63","$1,325.64","$1,430.37","$1,421.16","$1,603.40","$1,726.19","$1,512.76","$1,768.06","$1,478.38","$1,538.62","$1,628.30","$1,565.15","$1,490.96","$1,865.70","$1,898.85","$1,699.70","$1,194.96","$1,520.54","$1,648.01","$1,463.54","$1,766.20","$1,869.00","$1,736.37","$1,525.92","$1,530.20","$1,591.92","$1,675.33","$1,851.61","$1,745.69","$1,717.65","$1,415.28","$1,915.48","$1,679.94","$1,692.42","$1,929.31","$1,917.32","$1,771.14","$1,480.42","$1,467.98","$1,564.31","$2,150.88","$1,744.01","$1,777.97","$1,822.05","$1,285.26","$1,666.28","$1,524.23","$1,433.81","$1,684.49","$1,958.40","$1,896.73","$1,376.64","$1,765.14","$1,581.67","$1,553.96","$1,723.78","$1,646.33","$1,896.36","$1,395.38","$1,514.12","$1,596.16","$1,686.82","$1,755.42","$2,153.67","$1,577.24","$1,405.55","$1,536.54","$1,483.29","$1,665.63","$1,986.08","$1,994.31","$1,945.98","$2,834.78","$1,825.20","$1,747.82","$1,521.11","$1,937.49","$1,877.28","$1,736.91","$1,414.83","$1,509.58","$1,651.58","$1,619.27","$1,760.35","$2,229.49","$1,837.11","$1,613.67","$1,662.37","$1,874.42","$1,657.05","$1,836.84","$2,067.76","$1,692.58","$1,412.21","$1,730.47","$1,682.87","$1,629.03","$1,727.87","$1,995.34","$2,165.82","$1,624.19","$1,660.26","$1,742.51","$1,613.62","$2,173.34","$2,017.54","$1,961.32","$1,699.49","$1,637.08","$1,814.49","$1,689.78","$1,760.87","$2,331.01","$1,762.47","$1,989.22","$1,663.20","$1,855.95","$2,007.26","$2,077.24","$2,240.00","$1,816.79","$1,770.61","$1,510.91","$1,795.99","$1,637.15","$1,770.85","$2,351.25","$1,886.49","$1,657.42","$1,715.37","$1,774.65","$1,761.31","$1,861.26","$2,168.84","$2,104.49","$1,853.71","$1,677.69","$1,880.01","$1,847.51","$1,730.57","$1,770.70","$2,017.03","$1,410.52","$1,840.39","$1,636.28","$1,866.58","$1,889.61","$2,299.74","$1,816.40","$1,491.95","$1,574.39","$1,777.18","$1,892.09","$2,111.74","$2,053.16","$2,179.97","$1,548.84","$2,021.50","$1,752.66","$1,897.60","$1,890.96","$2,210.45","$2,142.76","$1,773.73","$1,697.30","$1,636.07","$2,058.88","$1,759.86","$1,695.25","$1,913.02","$1,744.78","$1,565.03","$1,858.11","$2,345.90",$0.00,$5.00,$0.00,$0.00,$0.00,"$1,571.26","$1,628.70",$0.00
Items,$0.00,"$1,798.39","$1,791.02","$1,457.47","$1,760.30","$1,455.16","$1,468.14","$1,431.47","$1,673.04","$1,669.19","$1,714.65","$1,452.89","$1,421.05","$1,454.27","$1,619.34","$1,509.81","$1,683.23","$1,566.31","$1,307.74","$1,524.00","$1,386.72","$1,347.64","$1,375.70","$1,517.64","$1,752.05","$1,239.67","$1,502.78","$1,474.88","$1,454.82","$1,571.44","$1,535.68","$1,577.71","$1,345.11","$1,457.61","$1,388.03","$1,634.89","$1,326.10","$1,867.39","$1,598.75","$1,322.88","$1,582.22","$1,621.93","$1,568.77","$1,341.31","$1,796.27","$1,540.66","$1,379.47","$1,506.82","$1,538.20","$1,531.12","$1,503.98","$1,952.22","$1,741.26","$1,410.86","$1,420.04","$1,556.74","$1,629.08","$1,205.31","$1,694.39","$1,680.62","$1,356.06","$1,381.67","$1,757.77","$1,758.47","$2,747.29","$2,539.67",$0.00,"$1,481.68","$2,346.59","$1,593.96","$1,652.30","$1,701.55","$1,760.28","$1,352.39","$1,421.03","$1,454.95","$1,495.44","$1,898.72","$1,556.92","$1,683.92","$1,570.93","$1,046.58","$1,548.48","$1,596.57","$1,406.24","$1,687.95","$1,553.21","$1,480.54","$1,364.77","$1,539.38","$1,485.61","$1,536.59","$1,627.94","$1,700.10","$1,802.36","$1,215.92","$1,642.48","$1,606.04","$1,504.69","$1,489.85","$2,102.88","$1,622.07","$1,120.43","$1,629.45","$1,661.94","$1,475.52","$1,712.65","$1,876.83","$1,515.56","$1,281.56","$1,830.50","$1,670.53","$1,532.62","$1,850.24","$2,069.58","$1,429.12","$1,260.36","$1,642.97","$1,605.40","$1,516.38","$1,792.15","$1,974.54","$1,785.91","$1,157.17","$2,083.19","$1,401.61","$1,523.50","$1,587.41","$1,770.56","$1,810.05","$1,542.64","$1,361.21","$1,547.82","$1,474.33","$1,641.62","$1,884.76","$1,769.18","$1,454.41","$1,432.68","$1,776.53","$1,592.63","$1,760.61","$2,084.27","$1,568.90","$1,407.11","$1,388.26","$1,736.22","$1,539.99","$1,798.73","$1,861.73","$1,655.45","$1,555.99","$1,801.76","$1,691.01","$1,747.18","$1,728.83","$1,776.06","$1,585.59","$1,397.21","$1,604.21","$1,640.04","$1,475.11","$1,810.79","$1,628.94","$1,815.58","$1,378.58","$1,487.67","$1,805.43","$1,560.13","$1,709.82","$1,906.16","$1,650.83","$1,611.87","$1,643.49","$1,656.26","$1,583.20","$1,735.18","$1,895.89","$1,320.48","$1,155.69","$1,652.24","$1,544.13","$1,564.38","$1,599.80","$2,009.63","$1,325.64","$1,430.37","$1,421.16","$1,603.40","$1,726.19","$1,512.76","$1,768.06","$1,478.38","$1,538.62","$1,628.30","$1,565.15","$1,490.96","$1,865.70","$1,898.85","$1,699.70","$1,194.96","$1,520.54","$1,648.01","$1,463.54","$1,766.20","$1,869.00","$1,736.37","$1,525.92","$1,530.20","$1,591.92","$1,675.33","$1,851.61","$1,745.69","$1,717.65","$1,415.28","$1,915.48","$1,679.94","$1,692.42","$1,929.31","$1,917.32","$1,771.14","$1,480.42","$1,467.98","$1,564.31","$2,150.88","$1,744.01","$1,777.97","$1,822.05","$1,285.26","$1,666.28","$1,524.23","$1,433.81","$1,684.49","$1,958.40","$1,896.73","$1,376.64","$1,765.14","$1,581.67","$1,553.96","$1,723.78","$1,646.33","$1,896.36","$1,395.38","$1,514.12","$1,596.16","$1,686.82","$1,755.42","$2,153.67","$1,577.24","$1,405.55","$1,536.54","$1,483.29","$1,665.63","$1,986.08","$1,994.31","$1,945.98","$2,834.78","$1,825.20","$1,747.82","$1,521.11","$1,937.49","$1,877.28","$1,736.91","$1,414.83","$1,509.58","$1,651.58","$1,619.27","$1,760.35","$2,229.49","$1,837.11","$1,613.67","$1,662.37","$1,874.42","$1,657.05","$1,836.84","$2,067.76","$1,692.58","$1,412.21","$1,730.47","$1,682.87","$1,629.03","$1,727.87","$1,995.34","$2,165.82","$1,624.19","$1,660.26","$1,742.51","$1,613.62","$2,173.34","$2,017.54","$1,961.32","$1,699.49","$1,637.08","$1,814.49","$1,689.78","$1,760.87","$2,331.01","$1,762.47","$1,989.22","$1,663.20","$1,855.95","$2,007.26","$2,077.24","$2,240.00","$1,816.79","$1,770.61","$1,510.91","$1,795.99","$1,637.15","$1,770.85","$2,351.25","$1,886.49","$1,657.42","$1,715.37","$1,774.65","$1,761.31","$1,861.26","$2,168.84","$2,104.49","$1,853.71","$1,677.69","$1,880.01","$1,847.51","$1,730.57","$1,770.70","$2,017.03","$1,410.52","$1,840.39","$1,636.28","$1,866.58","$1,889.61","$2,299.74","$1,816.40","$1,491.95","$1,574.39","$1,777.18","$1,892.09","$2,111.74","$2,053.16","$2,179.97","$1,548.84","$2,021.50","$1,752.66","$1,897.60","$1,890.96","$2,210.45","$2,142.76","$1,773.73","$1,697.30","$1,636.07","$2,058.88","$1,759.86","$1,695.25","$1,913.02","$1,744.78","$1,565.03","$1,858.11","$2,345.90",$0.00,$5.00,$0.00,$0.00,$0.00,"$1,571.26","$1,628.70",$0.00
Service Charges,$0.00,$0.00,$0.00,$0.00,$0.00,$0.00,$0.00,$0.00,$0.00,$0.00,$0.00,$0.00,$0.00,$0.00,$0.00,$0.00,$0.00,$0.00,$0.00,$0.00,$0.00,$0.00,$0.00,$0.00,$0.00,$0.00,$0.00,$0.00,$0.00,$0.00,$0.00,$0.00,$0.00,$0.00,$0.00,$0.00,$0.00,$0.00,$0.00,$0.00,$0.00,$0.00,$0.00,$0.00,$0.00,$0.00,$0.00,$0.00,$0.00,$0.00,$0.00,$0.00,$0.00,$0.00,$0.00,$0.00,$0.00,$0.00,$0.00,$0.00,$0.00,$0.00,$0.00,$0.00,$0.00,$0.00,$0.00,$0.00,$0.00,$0.00,$0.00,$0.00,$0.00,$0.00,$0.00,$0.00,$0.00,$0.00,$0.00,$0.00,$0.00,$0.00,$0.00,$0.00,$0.00,$0.00,$0.00,$0.00,$0.00,$0.00,$0.00,$0.00,$0.00,$0.00,$0.00,$0.00,$0.00,$0.00,$0.00,$0.00,$0.00,$0.00,$0.00,$0.00,$0.00,$0.00,$0.00,$0.00,$0.00,$0.00,$0.00,$0.00,$0.00,$0.00,$0.00,$0.00,$0.00,$0.00,$0.00,$0.00,$0.00,$0.00,$0.00,$0.00,$0.00,$0.00,$0.00,$0.00,$0.00,$0.00,$0.00,$0.00,$0.00,$0.00,$0.00,$0.00,$0.00,$0.00,$0.00,$0.00,$0.00,$0.00,$0.00,$0.00,$0.00,$0.00,$0.00,$0.00,$0.00,$0.00,$0.00,$0.00,$0.00,$0.00,$0.00,$0.00,$0.00,$0.00,$0.00,$0.00,$0.00,$0.00,$0.00,$0.00,$0.00,$0.00,$0.00,$0.00,$0.00,$0.00,$0.00,$0.00,$0.00,$0.00,$0.00,$0.00,$0.00,$0.00,$0.00,$0.00,$0.00,$0.00,$0.00,$0.00,$0.00,$0.00,$0.00,$0.00,$0.00,$0.00,$0.00,$0.00,$0.00,$0.00,$0.00,$0.00,$0.00,$0.00,$0.00,$0.00,$0.00,$0.00,$0.00,$0.00,$0.00,$0.00,$0.00,$0.00,$0.00,$0.00,$0.00,$0.00,$0.00,$0.00,$0.00,$0.00,$0.00,$0.00,$0.00,$0.00,$0.00,$0.00,$0.00,$0.00,$0.00,$0.00,$0.00,$0.00,$0.00,$0.00,$0.00,$0.00,$0.00,$0.00,$0.00,$0.00,$0.00,$0.00,$0.00,$0.00,$0.00,$0.00,$0.00,$0.00,$0.00,$0.00,$0.00,$0.00,$0.00,$0.00,$0.00,$0.00,$0.00,$0.00,$0.00,$0.00,$0.00,$0.00,$0.00,$0.00,$0.00,$0.00,$0.00,$0.00,$0.00,$0.00,$0.00,$0.00,$0.00,$0.00,$0.00,$0.00,$0.00,$0.00,$0.00,$0.00,$0.00,$0.00,$0.00,$0.00,$0.00,$0.00,$0.00,$0.00,$0.00,$0.00,$0.00,$0.00,$0.00,$0.00,$0.00,$0.00,$0.00,$0.00,$0.00,$0.00,$0.00,$0.00,$0.00,$0.00,$0.00,$0.00,$0.00,$0.00,$0.00,$0.00,$0.00,$0.00,$0.00,$0.00,$0.00,$0.00,$0.00,$0.00,$0.00,$0.00,$0.00,$0.00,$0.00,$0.00,$0.00,$0.00,$0.00,$0.00,$0.00,$0.00,$0.00,$0.00,$0.00,$0.00,$0.00,$0.00,$0.00,$0.00,$0.00,$0.00,$0.00,$0.00,$0.00,$0.00,$0.00,$0.00,$0.00,$0.00,$0.00,$0.00,$0.00,$0.00,$0.00,$0.00,$0.00,$0.00,$0.00,$0.00,$0.00,$0.00,$0.00,$0.00,$0.00,$0.00,$0.00,$0.00,$0.00,$0.00,$0.00,$0.00
Returns,$0.00,$0.00,$0.00,$0.00,$0.00,$0.00,$0.00,$0.00,$0.00,$0.00,$0.00,$0.00,$0.00,$0.00,$0.00,$0.00,$0.00,$0.00,$0.00,$0.00,$0.00,$0.00,$0.00,$0.00,$0.00,$0.00,$0.00,$0.00,$0.00,$0.00,$0.00,$0.00,$0.00,$0.00,$0.00,$0.00,$0.00,$0.00,$0.00,$0.00,$0.00,$0.00,$0.00,$0.00,$0.00,$0.00,$0.00,$0.00,$0.00,$0.00,$0.00,$0.00,$0.00,$0.00,$0.00,$0.00,$0.00,$0.00,$0.00,$0.00,$0.00,$0.00,$0.00,$0.00,$0.00,$0.00,$0.00,$0.00,$0.00,$0.00,$0.00,$0.00,$0.00,$0.00,$0.00,$0.00,$0.00,$0.00,$0.00,$0.00,$0.00,$0.00,$0.00,$0.00,$0.00,$0.00,$0.00,$0.00,$0.00,$0.00,$0.00,$0.00,$0.00,$0.00,$0.00,$0.00,$0.00,$0.00,$0.00,-$6.36,$0.00,$0.00,$0.00,$0.00,$0.00,$0.00,$0.00,$0.00,$0.00,$0.00,$0.00,$0.00,$0.00,-$5.45,$0.00,$0.00,$0.00,$0.00,$0.00,$0.00,$0.00,$0.00,$0.00,$0.00,$0.00,$0.00,$0.00,$0.00,$0.00,$0.00,$0.00,$0.00,$0.00,$0.00,$0.00,$0.00,$0.00,$0.00,$0.00,$0.00,$0.00,$0.00,$0.00,$0.00,$0.00,$0.00,$0.00,$0.00,$0.00,$0.00,$0.00,$0.00,$0.00,$0.00,$0.00,$0.00,$0.00,$0.00,$0.00,$0.00,$0.00,$0.00,$0.00,$0.00,$0.00,-$5.46,$0.00,$0.00,$0.00,$0.00,$0.00,$0.00,$0.00,$0.00,-$5.72,$0.00,$0.00,$0.00,$0.00,$0.00,$0.00,$0.00,$0.00,-$0.05,$0.00,$0.00,$0.00,$0.00,$0.00,$0.00,$0.00,$0.00,$0.00,$0.00,$0.00,$0.00,$0.00,$0.00,$0.00,$0.00,$0.00,$0.00,$0.00,$0.00,$0.00,$0.00,$0.00,$0.00,$0.00,$0.00,$0.00,$0.00,$0.00,$0.00,$0.00,$0.00,$0.00,$0.00,$0.00,$0.00,$0.00,$0.00,$0.00,$0.00,$0.00,$0.00,$0.00,$0.00,$0.00,$0.00,$0.00,$0.00,$0.00,$0.00,$0.00,$0.00,$0.00,$0.00,$0.00,$0.00,$0.00,$0.00,$0.00,$0.00,$0.00,$0.00,$0.00,$0.00,$0.00,$0.00,$0.00,$0.00,$0.00,$0.00,$0.00,$0.00,$0.00,$0.00,$0.00,$0.00,$0.00,$0.00,$0.00,$0.00,$0.00,$0.00,$0.00,$0.00,$0.00,$0.00,$0.00,$0.00,$0.00,$0.00,$0.00,$0.00,$0.00,$0.00,$0.00,$0.00,$0.00,$0.00,$0.00,$0.00,$0.00,$0.00,$0.00,$0.00,$0.00,$0.00,$0.00,$0.00,$0.00,$0.00,$0.00,$0.00,$0.00,$0.00,$0.00,$0.00,$0.00,$0.00,$0.00,$0.00,$0.00,$0.00,$0.00,$0.00,$0.00,$0.00,$0.00,$0.00,$0.00,$0.00,$0.00,$0.00,$0.00,$0.00,$0.00,$0.00,$0.00,$0.00,$0.00,$0.00,$0.00,$0.00,$0.00,$0.00,$0.00,$0.00,$0.00,$0.00,$0.00,$0.00,$0.00,$0.00,$0.00,$0.00,$0.00,$0.00,$0.00,$0.00,$0.00,$0.00,$0.00,$0.00,$0.00,$0.00,$0.00,$0.00,$0.00,$0.00,$0.00,$0.00,$0.00,$0.00,$0.00,$0.00,$0.00,-$5.00,$0.00,$0.00,$0.00,$0.00,$0.00,$0.00
Discounts & Comps,$0.00,-$114.83,-$94.70,-$205.80,-$185.60,-$135.50,-$134.50,-$65.07,-$104.55,-$75.80,-$86.50,-$207.85,-$77.92,-$89.25,-$118.30,-$77.50,-$102.49,-$87.70,-$139.20,-$76.80,-$109.30,-$92.95,-$109.85,-$133.52,-$132.55,-$57.15,-$89.75,-$128.90,-$138.30,-$106.67,-$143.60,-$125.04,-$52.80,-$234.80,-$78.25,-$245.90,-$103.15,-$144.90,-$293.35,-$123.40,-$144.00,-$81.55,-$262.39,-$75.50,-$151.25,-$128.85,-$183.95,-$187.30,-$120.05,-$104.30,-$122.20,-$90.35,-$147.00,-$185.70,-$95.35,-$110.75,-$153.40,-$70.75,-$113.45,-$90.70,-$80.70,-$206.60,-$120.00,-$158.70,-$459.10,-$102.19,$0.00,-$60.40,-$330.94,-$97.49,-$171.25,-$140.00,-$159.60,-$89.55,-$87.20,-$187.40,-$100.10,-$174.36,-$175.85,-$125.65,-$100.35,-$58.45,-$140.56,-$118.53,-$114.60,-$107.65,-$114.80,-$88.35,-$62.85,-$170.71,-$108.50,-$137.10,-$160.40,-$132.75,-$130.35,-$75.35,-$150.96,-$116.58,-$187.05,-$113.90,-$105.05,-$123.55,-$86.65,-$139.13,-$110.30,-$154.60,-$105.25,-$131.10,-$58.15,-$139.65,-$96.75,-$111.41,-$105.90,-$84.00,-$99.15,-$80.60,-$105.98,-$136.55,-$69.85,-$93.05,-$132.20,-$142.95,-$82.55,-$61.02,-$99.90,-$90.05,-$71.05,-$80.50,-$98.10,-$173.35,-$66.75,-$89.50,-$119.52,-$98.16,-$109.40,-$126.86,-$88.20,-$70.60,-$88.70,-$130.60,-$132.40,-$168.80,-$109.70,-$86.95,-$129.85,-$91.80,-$149.96,-$124.25,-$140.50,-$188.80,-$114.25,-$67.65,-$130.60,-$95.65,-$127.30,-$131.85,-$104.35,-$111.95,-$95.85,-$152.95,-$126.65,-$155.20,-$128.25,-$78.15,-$140.50,-$114.34,-$143.59,-$157.25,-$95.55,-$101.50,-$81.65,-$110.85,-$85.02,-$171.52,-$132.75,-$99.10,-$111.20,-$156.45,-$52.45,-$139.35,-$126.80,-$129.25,-$131.85,-$80.32,-$106.20,-$74.70,-$74.27,-$132.50,-$114.05,-$129.97,-$83.95,-$163.90,-$105.10,-$54.80,-$134.93,-$63.75,-$112.00,-$127.70,-$113.25,-$90.25,-$46.77,-$111.25,-$77.90,-$87.34,-$128.50,-$86.30,-$81.65,-$155.13,-$123.90,-$99.05,-$80.25,-$87.85,-$108.47,-$97.97,-$79.90,-$156.90,-$141.80,-$102.23,-$100.19,-$121.70,-$137.12,-$78.10,-$96.30,-$63.90,-$88.80,-$86.50,-$67.60,-$130.40,-$106.25,-$85.55,-$99.20,-$61.60,-$110.28,-$125.15,-$312.65,-$79.87,-$157.60,-$129.85,-$96.55,-$71.05,-$100.95,-$103.70,-$78.95,-$79.70,-$62.75,-$78.30,-$134.63,-$133.40,-$143.50,-$85.19,-$73.15,-$68.15,-$76.90,-$184.24,-$177.35,-$137.70,-$188.45,-$72.92,-$133.95,-$69.51,-$114.65,-$109.89,-$132.10,-$63.17,-$103.37,-$76.10,-$93.09,-$99.52,-$142.98,-$135.72,-$155.15,-$121.69,-$103.47,-$86.08,-$91.95,-$111.08,-$106.05,-$137.40,-$65.15,-$110.35,-$104.34,-$95.40,-$70.84,-$153.05,-$92.15,-$79.89,-$133.98,-$119.83,-$154.55,-$155.15,-$132.55,-$135.65,-$105.57,-$96.82,-$70.57,-$110.33,-$91.00,-$115.72,-$117.00,-$109.30,-$158.40,-$125.35,-$110.05,-$126.80,-$109.52,-$81.25,-$50.95,-$103.90,-$79.64,-$105.95,-$118.72,-$125.97,-$65.45,-$128.63,-$137.42,-$114.67,-$149.35,-$169.40,-$136.89,-$87.00,-$138.10,-$150.30,-$125.82,-$87.35,-$81.33,-$102.12,-$61.30,-$121.75,-$98.90,-$133.24,-$84.70,-$154.29,-$121.05,-$66.82,-$82.59,-$113.50,-$160.60,-$135.75,-$101.70,-$138.64,-$70.30,-$158.04,-$84.55,-$119.90,-$106.60,-$125.25,-$157.40,-$89.70,-$144.56,-$95.45,-$145.35,-$84.35,-$96.05,-$71.35,-$140.58,-$110.63,-$96.07,-$198.14,$0.00,$0.00,$0.00,$0.00,$0.00,-$79.38,-$89.90,$0.00
Net Sales,$0.00,"$1,683.56","$1,696.32","$1,251.67","$1,574.70","$1,319.66","$1,333.64","$1,366.40","$1,568.49","$1,593.39","$1,628.15","$1,245.04","$1,343.13","$1,365.02","$1,501.04","$1,432.31","$1,580.74","$1,478.61","$1,168.54","$1,447.20","$1,277.42","$1,254.69","$1,265.85","$1,384.12","$1,619.50","$1,182.52","$1,413.03","$1,345.98","$1,316.52","$1,464.77","$1,392.08","$1,452.67","$1,292.31","$1,222.81","$1,309.78","$1,388.99","$1,222.95","$1,722.49","$1,305.40","$1,199.48","$1,438.22","$1,540.38","$1,306.38","$1,265.81","$1,645.02","$1,411.81","$1,195.52","$1,319.52","$1,418.15","$1,426.82","$1,381.78","$1,861.87","$1,594.26","$1,225.16","$1,324.69","$1,445.99","$1,475.68","$1,134.56","$1,580.94","$1,589.92","$1,275.36","$1,175.07","$1,637.77","$1,599.77","$2,288.19","$2,437.48",$0.00,"$1,421.28","$2,015.65","$1,496.47","$1,481.05","$1,561.55","$1,600.68","$1,262.84","$1,333.83","$1,267.55","$1,395.34","$1,724.36","$1,381.07","$1,558.27","$1,470.58",$988.13,"$1,407.92","$1,478.04","$1,291.64","$1,580.30","$1,438.41","$1,392.19","$1,301.92","$1,368.67","$1,377.11","$1,399.49","$1,467.54","$1,567.35","$1,672.01","$1,140.57","$1,491.52","$1,489.46","$1,317.64","$1,369.59","$1,997.83","$1,498.52","$1,033.78","$1,490.32","$1,551.64","$1,320.92","$1,607.40","$1,745.73","$1,457.41","$1,141.91","$1,733.75","$1,559.12","$1,426.72","$1,760.79","$1,970.43","$1,348.52","$1,154.38","$1,506.42","$1,535.55","$1,423.33","$1,659.95","$1,831.59","$1,703.36","$1,096.15","$1,983.29","$1,311.56","$1,452.45","$1,506.91","$1,672.46","$1,636.70","$1,475.89","$1,271.71","$1,428.30","$1,376.17","$1,532.22","$1,757.90","$1,680.98","$1,383.81","$1,343.98","$1,645.93","$1,460.23","$1,591.81","$1,974.57","$1,481.95","$1,277.26","$1,296.46","$1,586.26","$1,415.74","$1,658.23","$1,672.93","$1,541.20","$1,488.34","$1,671.16","$1,595.36","$1,619.88","$1,596.98","$1,671.71","$1,473.64","$1,301.36","$1,451.26","$1,513.39","$1,319.91","$1,682.54","$1,550.79","$1,675.08","$1,258.78","$1,344.08","$1,648.18","$1,464.58","$1,608.32","$1,824.51","$1,539.98","$1,526.85","$1,471.97","$1,517.79","$1,484.10","$1,623.98","$1,739.44","$1,268.03","$1,016.34","$1,525.44","$1,414.88","$1,432.53","$1,519.43","$1,903.43","$1,250.94","$1,356.10","$1,288.66","$1,489.35","$1,596.22","$1,428.81","$1,604.16","$1,373.28","$1,483.82","$1,493.37","$1,501.40","$1,378.96","$1,738.00","$1,785.60","$1,609.45","$1,148.19","$1,409.29","$1,570.11","$1,376.20","$1,637.70","$1,782.70","$1,654.72","$1,370.79","$1,406.30","$1,492.87","$1,595.08","$1,763.76","$1,637.22","$1,619.68","$1,335.38","$1,758.58","$1,538.14","$1,590.19","$1,829.12","$1,795.62","$1,634.02","$1,402.32","$1,371.68","$1,500.41","$2,062.08","$1,657.51","$1,710.37","$1,691.65","$1,179.01","$1,580.73","$1,425.03","$1,372.21","$1,574.21","$1,833.25","$1,584.08","$1,296.77","$1,607.54","$1,451.82","$1,457.41","$1,652.73","$1,545.38","$1,792.66","$1,316.43","$1,434.42","$1,533.41","$1,608.52","$1,620.79","$2,020.27","$1,433.74","$1,320.36","$1,463.39","$1,415.14","$1,588.73","$1,801.84","$1,816.96","$1,808.28","$2,646.33","$1,752.28","$1,613.87","$1,451.60","$1,822.84","$1,767.39","$1,604.81","$1,351.66","$1,406.21","$1,575.48","$1,526.18","$1,660.83","$2,086.51","$1,701.39","$1,458.52","$1,540.68","$1,770.95","$1,570.97","$1,744.89","$1,956.68","$1,586.53","$1,274.81","$1,665.32","$1,572.52","$1,524.69","$1,632.47","$1,924.50","$2,012.77","$1,532.04","$1,580.37","$1,608.53","$1,493.79","$2,018.79","$1,862.39","$1,828.77","$1,563.84","$1,531.51","$1,717.67","$1,619.21","$1,650.54","$2,240.01","$1,646.75","$1,872.22","$1,553.90","$1,697.55","$1,881.91","$1,967.19","$2,113.20","$1,707.27","$1,689.36","$1,459.96","$1,692.09","$1,557.51","$1,664.90","$2,232.53","$1,760.52","$1,591.97","$1,586.74","$1,637.23","$1,646.64","$1,711.91","$1,999.44","$1,967.60","$1,766.71","$1,539.59","$1,729.71","$1,721.69","$1,643.22","$1,689.37","$1,914.91","$1,349.22","$1,718.64","$1,537.38","$1,733.34","$1,804.91","$2,145.45","$1,695.35","$1,425.13","$1,491.80","$1,663.68","$1,731.49","$1,975.99","$1,951.46","$2,041.33","$1,478.54","$1,863.46","$1,668.11","$1,777.70","$1,784.36","$2,085.20","$1,985.36","$1,684.03","$1,552.74","$1,540.62","$1,913.53","$1,675.51","$1,599.20","$1,841.67","$1,604.20","$1,454.40","$1,762.04","$2,147.76",$0.00,$0.00,$0.00,$0.00,$0.00,"$1,491.88","$1,538.80",$0.00
Gift Card Sales,$0.00,$0.00,$0.00,$0.00,$0.00,$0.00,$0.00,$0.00,$0.00,$0.00,$0.00,$0.00,$0.00,$0.00,$0.00,$0.00,$0.00,$0.00,$0.00,$0.00,$0.00,$0.00,$0.00,$0.00,$0.00,$0.00,$0.00,$0.00,$0.00,$0.00,$0.00,$0.00,$0.00,$0.00,$0.00,$0.00,$0.00,$0.00,$0.00,$0.00,$0.00,$0.00,$0.00,$0.00,$0.00,$0.00,$0.00,$0.00,$0.00,$0.00,$0.00,$0.00,$0.00,$0.00,$0.00,$0.00,$0.00,$0.00,$0.00,$0.00,$0.00,$0.00,$0.00,$0.00,$0.00,$0.00,$0.00,$0.00,$0.00,$0.00,$0.00,$0.00,$0.00,$0.00,$0.00,$0.00,$0.00,$0.00,$0.00,$0.00,$0.00,$0.00,$0.00,$0.00,$0.00,$0.00,$0.00,$0.00,$0.00,$0.00,$0.00,$0.00,$0.00,$0.00,$0.00,$0.00,$0.00,$0.00,$0.00,$0.00,$0.00,$0.00,$0.00,$0.00,$0.00,$0.00,$0.00,$0.00,$0.00,$0.00,$0.00,$0.00,$0.00,$0.00,$0.00,$0.00,$0.00,$0.00,$0.00,$0.00,$0.00,$0.00,$0.00,$0.00,$0.00,$0.00,$0.00,$0.00,$0.00,$0.00,$0.00,$0.00,$0.00,$0.00,$0.00,$0.00,$0.00,$0.00,$0.00,$0.00,$0.00,$0.00,$0.00,$0.00,$0.00,$0.00,$0.00,$0.00,$0.00,$0.00,$0.00,$0.00,$0.00,$0.00,$0.00,$0.00,$0.00,$0.00,$0.00,$0.00,$0.00,$0.00,$0.00,$0.00,$0.00,$0.00,$0.00,$0.00,$0.00,$0.00,$0.00,$0.00,$0.00,$0.00,$0.00,$0.00,$0.00,$0.00,$0.00,$0.00,$20.00,$0.00,$0.00,$0.00,$0.00,$0.00,$0.00,$0.00,$0.00,$0.00,$0.00,$0.00,$0.00,$0.00,$0.00,$0.00,$0.00,$0.00,$0.00,$0.00,$0.00,$0.00,$0.00,$0.00,$0.00,$0.00,$0.00,$0.00,$0.00,$0.00,$0.00,$0.00,$0.00,$0.00,$0.00,$0.00,$0.00,$0.00,$0.00,$0.00,$0.00,$0.00,$0.00,$0.00,$0.00,$0.00,$0.00,$0.00,$0.00,$0.00,$0.00,$0.00,$25.00,$0.00,$0.00,$0.00,$0.00,$0.00,$0.00,$0.00,$0.00,$0.00,$0.00,$0.00,$0.00,$0.00,$0.00,$0.00,$0.00,$0.00,$0.00,$0.00,$0.00,$0.00,$0.00,$0.00,$0.00,$200.00,$0.00,$0.00,$0.00,$0.00,$0.00,$0.00,$0.00,$0.00,$0.00,$0.00,$0.00,$0.00,$0.00,$0.00,$0.00,$0.00,$0.00,$0.00,$0.00,$0.00,$0.00,$0.00,$0.00,$0.00,$0.00,$0.00,$0.00,$0.00,$0.00,$0.00,$0.00,$50.00,$0.00,$0.00,$0.00,$0.00,$0.00,$0.00,$0.00,$0.00,$0.00,$0.00,$0.00,$0.00,$0.00,$0.00,$0.00,$0.00,$0.00,$0.00,$0.00,$0.00,$0.00,$50.00,$0.00,$0.00,$0.00,$50.00,$0.00,$10.00,$0.00,$0.00,$90.00,$0.00,$0.00,$0.00,$0.00,$0.00,$0.00,$0.00,$0.00,$0.00,$25.00,$0.00,$0.00,$0.00,$10.00,$0.00,$0.00,$0.00,$0.00,$0.00,$0.00,$0.00,$30.00,$0.00,$25.00,$0.00,$0.00,$0.00,$0.00,$0.00,$0.00,$0.00,$0.00,$20.00,$0.00,$0.00,$0.00,$0.00,$0.00,$0.00,$0.00,$0.00,$0.00,$0.00,$10.00,$0.00
Tax,$0.00,$146.38,$169.95,$118.12,$151.27,$130.83,$133.65,$135.92,$154.41,$143.84,$157.80,$106.96,$128.00,$127.83,$139.74,$127.53,$155.89,$143.28,$115.56,$126.95,$121.02,$125.34,$126.35,$133.90,$147.26,$107.71,$123.74,$126.75,$121.21,$136.73,$133.75,$137.20,$126.49,$117.71,$124.92,$130.39,$122.53,$155.78,$130.13,$112.91,$135.09,$143.24,$122.49,$126.29,$164.76,$139.33,$112.26,$128.66,$140.27,$133.41,$137.97,$177.13,$142.72,$116.19,$130.94,$139.04,$146.37,$111.94,$153.61,$156.87,$124.28,$106.22,$152.70,$152.95,$203.11,$230.84,$0.00,$138.67,$186.40,$139.42,$148.51,$156.54,$155.63,$122.94,$127.12,$115.80,$135.04,$167.93,$138.40,$151.37,$145.90,$98.86,$134.04,$141.71,$124.69,$158.44,$129.72,$138.85,$128.01,$127.56,$137.97,$140.27,$147.07,$146.86,$153.01,$102.81,$139.85,$140.31,$130.24,$131.86,$195.35,$141.27,$103.51,$141.93,$153.49,$130.37,$156.28,$170.05,$140.84,$110.83,$166.84,$141.83,$137.62,$169.56,$192.26,$130.28,$112.54,$139.32,$149.04,$133.01,$147.08,$159.58,$167.57,$109.77,$196.62,$120.74,$145.45,$141.91,$160.71,$154.35,$140.73,$119.68,$143.13,$132.54,$146.73,$163.46,$156.15,$138.57,$125.05,$155.28,$146.32,$150.68,$181.39,$146.49,$125.31,$127.83,$132.18,$141.90,$156.06,$167.56,$148.34,$148.91,$148.95,$159.89,$161.77,$143.31,$162.73,$140.81,$121.52,$129.52,$146.85,$128.23,$158.96,$142.37,$165.76,$121.25,$125.11,$160.32,$142.70,$158.16,$173.14,$147.48,$135.26,$142.68,$146.23,$148.64,$162.71,$167.47,$126.96,$99.73,$136.40,$139.75,$143.55,$152.25,$171.51,$125.31,$135.77,$117.57,$149.26,$153.08,$143.17,$160.77,$137.50,$134.96,$138.04,$143.69,$133.37,$173.62,$167.22,$161.19,$114.96,$133.28,$155.34,$137.91,$164.09,$171.75,$160.92,$134.25,$136.09,$142.88,$155.02,$167.04,$159.21,$155.74,$124.92,$170.72,$147.31,$146.38,$177.89,$166.37,$158.60,$128.78,$115.26,$145.64,$203.92,$161.29,$160.81,$168.85,$115.08,$151.57,$138.02,$133.49,$155.76,$169.35,$158.62,$120.21,$156.26,$138.68,$143.49,$154.02,$150.02,$177.49,$127.02,$141.73,$143.59,$151.53,$162.43,$185.93,$143.56,$128.60,$141.86,$135.11,$156.76,$168.52,$171.99,$178.72,$252.92,$163.10,$156.53,$143.14,$167.86,$165.02,$146.84,$135.12,$135.77,$150.66,$142.98,$166.05,$194.16,$165.09,$139.03,$144.43,$172.72,$152.25,$174.46,$186.04,$151.82,$122.64,$164.43,$152.38,$142.82,$158.43,$187.51,$196.43,$153.16,$153.19,$160.79,$143.32,$201.76,$180.76,$165.23,$142.76,$148.32,$165.31,$158.67,$163.98,$214.33,$157.83,$184.03,$146.55,$160.84,$178.54,$194.61,$195.75,$170.11,$168.84,$145.89,$164.35,$153.70,$161.60,$218.40,$175.96,$158.03,$158.58,$161.65,$164.04,$169.14,$190.31,$196.66,$164.44,$149.11,$163.29,$167.34,$158.33,$163.60,$187.22,$134.88,$164.41,$151.62,$163.67,$169.69,$209.56,$162.43,$139.35,$148.56,$166.27,$166.66,$195.01,$179.09,$202.38,$147.31,$186.35,$166.74,$166.65,$166.79,$198.30,$186.34,$163.52,$147.90,$143.83,$191.30,$166.94,$155.05,$178.18,$160.37,$143.37,$170.19,$201.50,$0.00,$0.00,$0.00,$0.00,$0.00,$127.94,$143.15,$0.00
Gross Sales,$0.00,"$1,829.94","$1,866.27","$1,369.79","$1,725.97","$1,450.49","$1,467.29","$1,502.32","$1,722.90","$1,737.23","$1,785.95","$1,352.00","$1,471.13","$1,492.85","$1,640.78","$1,559.84","$1,736.63","$1,621.89","$1,284.10","$1,574.15","$1,398.44","$1,380.03","$1,392.20","$1,518.02","$1,766.76","$1,290.23","$1,536.77","$1,472.73","$1,437.73","$1,601.50","$1,525.83","$1,589.87","$1,418.80","$1,340.52","$1,434.70","$1,519.38","$1,345.48","$1,878.27","$1,435.53","$1,312.39","$1,573.31","$1,683.62","$1,428.87","$1,392.10","$1,809.78","$1,551.14","$1,307.78","$1,448.18","$1,558.42","$1,560.23","$1,519.75","$2,039.00","$1,736.98","$1,341.35","$1,455.63","$1,585.03","$1,622.05","$1,246.50","$1,734.55","$1,746.79","$1,399.64","$1,281.29","$1,790.47","$1,752.72","$2,491.30","$2,668.32",$0.00,"$1,559.95","$2,202.05","$1,635.89","$1,629.56","$1,718.09","$1,756.31","$1,385.78","$1,460.95","$1,383.35","$1,530.38","$1,892.29","$1,519.47","$1,709.64","$1,616.48","$1,086.99","$1,541.96","$1,619.75","$1,416.33","$1,738.74","$1,568.13","$1,531.04","$1,429.93","$1,496.23","$1,515.08","$1,539.76","$1,614.61","$1,714.21","$1,825.02","$1,243.38","$1,631.37","$1,629.77","$1,447.88","$1,501.45","$2,193.18","$1,639.79","$1,137.29","$1,632.25","$1,705.13","$1,451.29","$1,763.68","$1,915.78","$1,598.25","$1,252.74","$1,900.59","$1,700.95","$1,564.34","$1,930.35","$2,162.69","$1,478.80","$1,266.92","$1,645.74","$1,684.59","$1,556.34","$1,807.03","$1,991.17","$1,870.93","$1,205.92","$2,179.91","$1,432.30","$1,597.90","$1,648.82","$1,833.17","$1,791.05","$1,616.62","$1,391.39","$1,571.43","$1,508.71","$1,678.95","$1,921.36","$1,837.13","$1,522.38","$1,469.03","$1,801.21","$1,606.55","$1,742.49","$2,155.96","$1,628.44","$1,402.57","$1,424.29","$1,718.44","$1,557.64","$1,814.29","$1,840.49","$1,689.54","$1,637.25","$1,820.11","$1,755.25","$1,781.65","$1,740.29","$1,834.44","$1,614.45","$1,422.88","$1,580.78","$1,660.24","$1,448.14","$1,841.50","$1,693.16","$1,840.84","$1,380.03","$1,469.19","$1,808.50","$1,607.28","$1,766.48","$1,997.65","$1,687.46","$1,662.11","$1,614.65","$1,664.02","$1,632.74","$1,786.69","$1,906.91","$1,394.99","$1,116.07","$1,661.84","$1,554.63","$1,576.08","$1,671.68","$2,074.94","$1,376.25","$1,491.87","$1,406.23","$1,638.61","$1,749.30","$1,571.98","$1,764.93","$1,510.78","$1,618.78","$1,631.41","$1,645.09","$1,512.33","$1,911.62","$1,952.82","$1,770.64","$1,263.15","$1,542.57","$1,725.45","$1,514.11","$1,801.79","$1,954.45","$1,815.64","$1,505.04","$1,542.39","$1,635.75","$1,750.10","$1,930.80","$1,796.43","$1,775.42","$1,460.30","$1,929.30","$1,685.45","$1,736.57","$2,007.01","$1,961.99","$1,792.62","$1,531.10","$1,486.94","$1,646.05","$2,266.00","$1,818.80","$1,871.18","$1,860.50","$1,294.09","$1,732.30","$1,563.05","$1,505.70","$1,729.97","$2,002.60","$1,742.70","$1,416.98","$1,763.80","$1,590.50","$1,600.90","$1,806.75","$1,695.40","$1,970.15","$1,443.45","$1,576.15","$1,677.00","$1,760.05","$1,783.22","$2,206.20","$1,577.30","$1,448.96","$1,605.25","$1,550.25","$1,745.49","$1,970.36","$1,988.95","$1,987.00","$2,899.25","$1,915.38","$1,770.40","$1,594.74","$1,990.70","$1,932.41","$1,751.65","$1,486.78","$1,541.98","$1,726.14","$1,669.16","$1,826.88","$2,280.67","$1,866.48","$1,597.55","$1,685.11","$1,943.67","$1,723.22","$1,919.35","$2,142.72","$1,738.35","$1,397.45","$1,829.75","$1,724.90","$1,667.51","$1,790.90","$2,112.01","$2,209.20","$1,685.20","$1,733.56","$1,769.32","$1,637.11","$2,220.55","$2,043.15","$1,994.00","$1,706.60","$1,679.83","$1,882.98","$1,777.88","$1,814.52","$2,454.34","$1,804.58","$2,056.25","$1,700.45","$1,858.39","$2,060.45","$2,161.80","$2,308.95","$1,877.38","$1,858.20","$1,605.85","$1,856.44","$1,711.21","$1,826.50","$2,450.93","$1,936.48","$1,750.00","$1,745.32","$1,798.88","$1,810.68","$1,881.05","$2,189.75","$2,164.26","$1,931.15","$1,688.70","$1,893.00","$1,889.03","$1,801.55","$1,852.97","$2,102.13","$1,484.10","$1,883.05","$1,689.00","$1,897.01","$1,974.60","$2,355.01","$1,857.78","$1,564.48","$1,640.36","$1,829.95","$1,898.15","$2,171.00","$2,130.55","$2,243.71","$1,625.85","$2,049.81","$1,834.85","$1,944.35","$1,951.15","$2,283.50","$2,171.70","$1,847.55","$1,700.64","$1,684.45","$2,104.83","$1,842.45","$1,754.25","$2,019.85","$1,764.57","$1,597.77","$1,932.23","$2,349.26",$0.00,$0.00,$0.00,$0.00,$0.00,"$1,619.82","$1,681.95",$0.00
Tip,$0.00,$0.00,$0.00,$0.00,$0.00,$0.00,$0.00,$0.00,$0.00,$0.00,$0.00,$0.00,$0.00,$0.00,$0.00,$0.00,$0.00,$0.00,$0.00,$0.00,$0.00,$0.00,$0.00,$0.00,$0.00,$0.00,$0.00,$0.00,$0.00,$0.00,$0.00,$0.00,$0.00,$0.00,$0.00,$0.00,$0.00,$0.00,$0.00,$0.00,$0.00,$0.00,$0.00,$0.00,$0.00,$0.00,$0.00,$0.00,$0.00,$0.00,$0.00,$0.00,$0.00,$0.00,$0.00,$0.00,$0.00,$0.00,$0.00,$0.00,$0.00,$0.00,$0.00,$0.00,$0.00,$0.00,$0.00,$0.00,$0.00,$0.00,$0.00,$0.00,$0.00,$0.00,$0.00,$0.00,$0.00,$0.00,$0.00,$0.00,$0.00,$0.00,$0.00,$0.00,$0.00,$0.00,$0.00,$0.00,$0.00,$0.00,$0.00,$0.00,$0.00,$0.00,$0.00,$0.00,$0.00,$0.00,$0.00,$0.00,$0.00,$0.00,$0.00,$0.00,$0.00,$0.00,$0.00,$0.00,$0.00,$0.00,$0.00,$0.00,$0.00,$0.00,$0.00,$0.00,$0.00,$0.00,$0.00,$0.00,$0.00,$0.00,$0.00,$0.00,$0.00,$0.00,$0.00,$0.00,$0.00,$0.00,$0.00,$0.00,$0.00,$0.00,$0.00,$0.00,$0.00,$0.00,$0.00,$0.00,$0.00,$0.00,$0.00,$0.00,$0.00,$0.00,$0.00,$0.00,$0.00,$0.00,$0.00,$0.00,$0.00,$0.00,$0.00,$0.00,$0.00,$0.00,$0.00,$0.00,$0.00,$0.00,$0.00,$0.00,$0.00,$0.00,$0.00,$0.00,$0.00,$0.00,$0.00,$0.00,$0.00,$0.00,$0.00,$0.00,$0.00,$0.00,$0.00,$0.00,$0.00,$0.00,$0.00,$0.00,$0.00,$0.00,$0.00,$0.00,$0.00,$0.00,$0.00,$0.00,$0.00,$0.00,$0.00,$0.00,$0.00,$0.00,$0.00,$0.00,$0.00,$0.00,$0.00,$0.00,$0.00,$0.00,$0.00,$0.00,$0.00,$0.00,$0.00,$0.00,$0.00,$0.00,$0.00,$0.00,$0.00,$0.00,$0.00,$0.00,$0.00,$0.00,$0.00,$0.00,$0.00,$0.00,$0.00,$0.00,$0.00,$0.00,$0.00,$0.00,$0.00,$0.00,$0.00,$0.00,$0.00,$0.00,$0.00,$0.00,$0.00,$0.00,$0.00,$0.00,$0.00,$0.00,$0.00,$0.00,$0.00,$0.00,$0.00,$0.00,$0.00,$0.00,$0.00,$0.00,$0.00,$0.00,$0.00,$0.00,$0.00,$0.00,$0.00,$0.00,$0.00,$0.00,$0.00,$0.00,$0.00,$0.00,$0.00,$0.00,$0.00,$0.00,$0.00,$0.00,$0.00,$0.00,$0.00,$0.00,$0.00,$0.00,$0.00,$0.00,$0.00,$0.00,$0.00,$0.00,$0.00,$0.00,$0.00,$0.00,$0.00,$0.00,$0.00,$0.00,$0.00,$0.00,$0.00,$0.00,$0.00,$0.00,$0.00,$0.00,$0.00,$0.00,$0.00,$0.00,$0.00,$0.00,$0.00,$0.00,$0.00,$0.00,$0.00,$0.00,$0.00,$0.00,$0.00,$0.00,$0.00,$0.00,$0.00,$0.00,$0.00,$0.00,$0.00,$0.00,$0.00,$0.00,$0.00,$0.00,$0.00,$0.00,$0.00,$0.00,$0.00,$0.00,$0.00,$0.00,$0.00,$0.00,$0.00,$0.00,$0.00,$0.00,$0.00,$0.00,$0.00,$0.00,$0.00,$0.00,$0.00,$0.00,$0.00,$0.00,$0.00,$0.00,$0.00,$0.00,$0.00,$0.00,$0.00,$0.00,$0.00,$0.00
Refunds by Amount,$0.00,$0.00,$0.00,$0.00,$0.00,$0.00,$0.00,$0.00,$0.00,$0.00,$0.00,$0.00,$0.00,$0.00,$0.00,$0.00,$0.00,$0.00,$0.00,$0.00,$0.00,$0.00,$0.00,$0.00,$0.00,$0.00,$0.00,$0.00,$0.00,$0.00,$0.00,$0.00,$0.00,$0.00,$0.00,$0.00,$0.00,$0.00,$0.00,$0.00,$0.00,$0.00,$0.00,$0.00,$0.00,$0.00,$0.00,$0.00,$0.00,$0.00,$0.00,$0.00,$0.00,$0.00,$0.00,$0.00,$0.00,$0.00,$0.00,$0.00,$0.00,$0.00,$0.00,$0.00,$0.00,$0.00,$0.00,$0.00,$0.00,$0.00,$0.00,$0.00,$0.00,$0.00,$0.00,$0.00,$0.00,$0.00,$0.00,$0.00,$0.00,$0.00,$0.00,$0.00,$0.00,$0.00,$0.00,$0.00,$0.00,$0.00,$0.00,$0.00,$0.00,$0.00,$0.00,$0.00,$0.00,$0.00,$0.00,$0.00,$0.00,$0.00,$0.00,$0.00,$0.00,$0.00,$0.00,$0.00,$0.00,$0.00,$0.00,$0.00,$0.00,$0.00,$0.00,$0.00,$0.00,$0.00,$0.00,$0.00,$0.00,$0.00,$0.00,$0.00,$0.00,$0.00,$0.00,$0.00,$0.00,$0.00,$0.00,$0.00,$0.00,$0.00,$0.00,$0.00,$0.00,$0.00,$0.00,$0.00,$0.00,$0.00,$0.00,$0.00,$0.00,$0.00,$0.00,$0.00,$0.00,$0.00,$0.00,$0.00,$0.00,$0.00,$0.00,$0.00,$0.00,$0.00,$0.00,$0.00,$0.00,$0.00,$0.00,$0.00,$0.00,$0.00,$0.00,$0.00,$0.00,$0.00,$0.00,$0.00,$0.00,$0.00,$0.00,$0.00,$0.00,$0.00,$0.00,$0.00,$0.00,$0.00,$0.00,$0.00,$0.00,$0.00,$0.00,$0.00,$0.00,$0.00,$0.00,$0.00,$0.00,$0.00,$0.00,$0.00,$0.00,$0.00,$0.00,$0.00,$0.00,$0.00,$0.00,$0.00,$0.00,$0.00,$0.00,$0.00,$0.00,$0.00,$0.00,$0.00,$0.00,$0.00,$0.00,$0.00,$0.00,$0.00,$0.00,$0.00,$0.00,$0.00,$0.00,$0.00,$0.00,$0.00,$0.00,$0.00,$0.00,$0.00,$0.00,$0.00,$0.00,$0.00,$0.00,$0.00,$0.00,$0.00,$0.00,$0.00,$0.00,$0.00,$0.00,$0.00,$0.00,$0.00,$0.00,$0.00,$0.00,$0.00,$0.00,$0.00,$0.00,$0.00,$0.00,$0.00,$0.00,$0.00,$0.00,$0.00,$0.00,$0.00,$0.00,$0.00,$0.00,$0.00,$0.00,$0.00,$0.00,$0.00,$0.00,$0.00,$0.00,$0.00,$0.00,$0.00,$0.00,$0.00,$0.00,$0.00,$0.00,$0.00,$0.00,$0.00,$0.00,$0.00,$0.00,$0.00,$0.00,$0.00,$0.00,$0.00,$0.00,$0.00,$0.00,$0.00,$0.00,$0.00,$0.00,$0.00,$0.00,$0.00,$0.00,$0.00,$0.00,$0.00,$0.00,$0.00,$0.00,$0.00,$0.00,$0.00,$0.00,$0.00,$0.00,$0.00,$0.00,$0.00,$0.00,$0.00,$0.00,$0.00,$0.00,$0.00,$0.00,$0.00,$0.00,$0.00,$0.00,$0.00,$0.00,$0.00,$0.00,$0.00,$0.00,$0.00,$0.00,$0.00,$0.00,$0.00,$0.00,$0.00,$0.00,$0.00,$0.00,$0.00,$0.00,$0.00,$0.00,$0.00,$0.00,$0.00,$0.00,$0.00,$0.00,$0.00,$0.00,$0.00,$0.00,$0.00,$0.00,$0.00,$0.00,$0.00,$0.00,$0.00
Cash Rounding,$0.00,$0.00,$0.00,$0.00,$0.00,$0.00,$0.00,$0.00,$0.00,$0.00,$0.00,$0.00,$0.00,$0.00,$0.00,$0.00,$0.00,$0.00,$0.00,$0.00,$0.00,$0.00,$0.00,$0.00,$0.00,$0.00,$0.00,$0.00,$0.00,$0.00,$0.01,$0.02,$0.00,$0.00,$0.00,$0.00,$0.00,$0.00,$0.00,$0.00,$0.00,$0.00,$0.00,$0.00,$0.00,$0.00,$0.00,$0.00,$0.00,$0.00,$0.00,$0.00,$0.00,$0.00,$0.00,$0.00,$0.00,$0.00,$0.00,$0.01,$0.00,$0.00,$0.00,$0.00,$0.00,$0.00,$0.00,$0.01,$0.00,$0.00,$0.00,$0.00,$0.00,$0.00,$0.00,$0.00,$0.00,$0.01,$0.00,$0.00,$0.00,$0.00,$0.00,$0.00,$0.00,$0.00,$0.00,$0.00,$0.00,$0.00,$0.00,$0.00,$0.00,$0.00,$0.00,$0.00,$0.02,$0.00,$0.00,$0.00,$0.00,$0.00,$0.00,$0.00,$0.00,$0.00,$0.00,$0.00,$0.00,$0.00,$0.00,$0.00,$0.00,$0.00,$0.00,$0.00,$0.00,$0.00,$0.00,$0.00,$0.00,$0.00,$0.00,$0.00,$0.00,$0.00,$0.00,$0.00,$0.01,$0.00,$0.00,$0.00,$0.00,$0.00,$0.00,$0.00,$0.00,$0.00,$0.00,$0.00,$0.00,$0.00,$0.00,$0.00,$0.00,$0.00,$0.00,$0.00,$0.00,$0.00,$0.00,$0.00,$0.00,$0.00,$0.00,$0.00,$0.00,$0.00,$0.00,$0.00,$0.00,$0.00,$0.00,$0.00,$0.00,$0.00,$0.00,$0.00,$0.00,$0.00,$0.00,$0.00,$0.00,$0.00,$0.00,$0.00,$0.00,$0.00,$0.00,$0.00,$0.00,$0.00,$0.00,$0.00,$0.00,$0.00,$0.00,$0.00,$0.00,$0.00,$0.00,$0.00,$0.00,$0.00,$0.00,$0.00,$0.00,$0.00,$0.01,$0.01,$0.00,$0.00,$0.00,$0.00,$0.00,$0.00,$0.00,$0.00,$0.00,$0.00,$0.00,$0.00,$0.00,$0.00,$0.00,$0.00,$0.00,$0.00,-$0.01,$0.01,$0.00,$0.00,$0.00,$0.00,$0.00,$0.00,$0.00,$0.00,$0.00,$0.00,$0.00,$0.00,$0.00,$0.00,$0.00,$0.00,$0.00,$0.00,$0.00,$0.00,$0.00,$0.00,$0.00,$0.00,$0.00,$0.00,-$0.02,$0.00,$0.00,$0.00,$0.00,$0.00,$0.00,$0.00,$0.00,$0.00,$0.00,$0.00,$0.00,$0.00,$0.00,$0.00,$0.00,$0.00,$0.00,$0.00,$0.02,$0.00,$0.00,$0.00,$0.00,$0.00,$0.00,$0.00,$0.00,$0.00,$0.00,$0.00,$0.00,$0.00,$0.00,$0.00,$0.00,$0.00,$0.00,$0.00,$0.00,$0.00,$0.00,$0.00,$0.00,$0.00,$0.00,$0.00,$0.00,$0.00,$0.00,$0.00,$0.00,$0.00,$0.00,$0.00,$0.00,$0.00,$0.00,$0.00,$0.00,$0.00,$0.00,$0.00,$0.00,$0.00,$0.00,$0.00,$0.00,$0.00,$0.00,$0.00,$0.00,$0.00,$0.00,$0.00,$0.00,$0.00,$0.00,$0.00,$0.00,$0.00,$0.00,$0.00,$0.00,$0.00,$0.00,$0.00,$0.00,$0.00,$0.00,$0.00,$0.00,$0.00,$0.00,$0.00,$0.00,$0.00,$0.02,$0.00,$0.00,$0.00,$0.00,$0.00,$0.00,$0.00,$0.00,$0.00,$0.00,$0.00,$0.00,$0.00,$0.00,$0.00,$0.00,$0.00,$0.00,$0.00,$0.00,$0.00
Total,$0.00,"$1,829.94","$1,866.27","$1,369.79","$1,725.97","$1,450.49","$1,467.29","$1,502.32","$1,722.90","$1,737.23","$1,785.95","$1,352.00","$1,471.13","$1,492.85","$1,640.78","$1,559.84","$1,736.63","$1,621.89","$1,284.10","$1,574.15","$1,398.44","$1,380.03","$1,392.20","$1,518.02","$1,766.76","$1,290.23","$1,536.77","$1,472.73","$1,437.73","$1,601.50","$1,525.84","$1,589.89","$1,418.80","$1,340.52","$1,434.70","$1,519.38","$1,345.48","$1,878.27","$1,435.53","$1,312.39","$1,573.31","$1,683.62","$1,428.87","$1,392.10","$1,809.78","$1,551.14","$1,307.78","$1,448.18","$1,558.42","$1,560.23","$1,519.75","$2,039.00","$1,736.98","$1,341.35","$1,455.63","$1,585.03","$1,622.05","$1,246.50","$1,734.55","$1,746.80","$1,399.64","$1,281.29","$1,790.47","$1,752.72","$2,491.30","$2,668.32",$0.00,"$1,559.96","$2,202.05","$1,635.89","$1,629.56","$1,718.09","$1,756.31","$1,385.78","$1,460.95","$1,383.35","$1,530.38","$1,892.30","$1,519.47","$1,709.64","$1,616.48","$1,086.99","$1,541.96","$1,619.75","$1,416.33","$1,738.74","$1,568.13","$1,531.04","$1,429.93","$1,496.23","$1,515.08","$1,539.76","$1,614.61","$1,714.21","$1,825.02","$1,243.38","$1,631.39","$1,629.77","$1,447.88","$1,501.45","$2,193.18","$1,639.79","$1,137.29","$1,632.25","$1,705.13","$1,451.29","$1,763.68","$1,915.78","$1,598.25","$1,252.74","$1,900.59","$1,700.95","$1,564.34","$1,930.35","$2,162.69","$1,478.80","$1,266.92","$1,645.74","$1,684.59","$1,556.34","$1,807.03","$1,991.17","$1,870.93","$1,205.92","$2,179.91","$1,432.30","$1,597.90","$1,648.82","$1,833.18","$1,791.05","$1,616.62","$1,391.39","$1,571.43","$1,508.71","$1,678.95","$1,921.36","$1,837.13","$1,522.38","$1,469.03","$1,801.21","$1,606.55","$1,742.49","$2,155.96","$1,628.44","$1,402.57","$1,424.29","$1,718.44","$1,557.64","$1,814.29","$1,840.49","$1,689.54","$1,637.25","$1,820.11","$1,755.25","$1,781.65","$1,740.29","$1,834.44","$1,614.45","$1,422.88","$1,580.78","$1,660.24","$1,448.14","$1,841.50","$1,693.16","$1,840.84","$1,380.03","$1,469.19","$1,808.50","$1,607.28","$1,766.48","$1,997.65","$1,687.46","$1,662.11","$1,614.65","$1,664.02","$1,632.74","$1,786.69","$1,906.91","$1,394.99","$1,116.07","$1,681.84","$1,554.63","$1,576.08","$1,671.68","$2,074.94","$1,376.25","$1,491.87","$1,406.23","$1,638.61","$1,749.30","$1,571.98","$1,764.93","$1,510.78","$1,618.78","$1,631.41","$1,645.09","$1,512.33","$1,911.62","$1,952.83","$1,770.65","$1,263.15","$1,542.57","$1,725.45","$1,514.11","$1,801.79","$1,954.45","$1,815.64","$1,505.04","$1,542.39","$1,635.75","$1,750.10","$1,930.80","$1,796.43","$1,775.42","$1,460.30","$1,929.30","$1,685.45","$1,736.57","$2,007.00","$1,962.00","$1,792.62","$1,531.10","$1,486.94","$1,646.05","$2,266.00","$1,818.80","$1,871.18","$1,860.50","$1,294.09","$1,732.30","$1,563.05","$1,505.70","$1,754.97","$2,002.60","$1,742.70","$1,416.98","$1,763.80","$1,590.50","$1,600.90","$1,806.75","$1,695.40","$1,970.15","$1,443.45","$1,576.15","$1,677.00","$1,760.05","$1,783.20","$2,206.20","$1,577.30","$1,448.96","$1,605.25","$1,550.25","$1,745.49","$1,970.36","$1,988.95","$1,987.00","$2,899.25","$2,115.38","$1,770.40","$1,594.74","$1,990.70","$1,932.41","$1,751.65","$1,486.78","$1,541.98","$1,726.14","$1,669.18","$1,826.88","$2,280.67","$1,866.48","$1,597.55","$1,685.11","$1,943.67","$1,723.22","$1,919.35","$2,142.72","$1,738.35","$1,397.45","$1,829.75","$1,724.90","$1,667.51","$1,790.90","$2,112.01","$2,209.20","$1,685.20","$1,733.56","$1,769.32","$1,637.11","$2,220.55","$2,093.15","$1,994.00","$1,706.60","$1,679.83","$1,882.98","$1,777.88","$1,814.52","$2,454.34","$1,804.58","$2,056.25","$1,700.45","$1,858.39","$2,060.45","$2,161.80","$2,308.95","$1,877.38","$1,858.20","$1,605.85","$1,856.44","$1,711.21","$1,826.50","$2,450.93","$1,986.48","$1,750.00","$1,745.32","$1,798.88","$1,860.68","$1,881.05","$2,199.75","$2,164.26","$1,931.15","$1,778.70","$1,893.00","$1,889.03","$1,801.55","$1,852.97","$2,102.13","$1,484.10","$1,883.05","$1,689.00","$1,897.01","$1,999.60","$2,355.01","$1,857.78","$1,564.48","$1,650.36","$1,829.95","$1,898.15","$2,171.00","$2,130.55","$2,243.71","$1,625.85","$2,049.81","$1,864.85","$1,944.35","$1,976.17","$2,283.50","$2,171.70","$1,847.55","$1,700.64","$1,684.45","$2,104.83","$1,842.45","$1,754.25","$2,039.85","$1,764.57","$1,597.77","$1,932.23","$2,349.26",$0.00,$0.00,$0.00,$0.00,$0.00,"$1,619.82","$1,691.95",$0.00

Payments
Total Collected,$0.00,"$1,829.94","$1,866.27","$1,369.79","$1,725.97","$1,450.49","$1,467.29","$1,502.32","$1,722.90","$1,737.23","$1,785.95","$1,352.00","$1,471.13","$1,492.85","$1,640.78","$1,559.84","$1,736.63","$1,621.89","$1,284.10","$1,574.15","$1,398.44","$1,380.03","$1,392.20","$1,518.02","$1,766.76","$1,290.23","$1,536.77","$1,472.73","$1,437.73","$1,601.50","$1,525.84","$1,589.89","$1,418.80","$1,340.52","$1,434.70","$1,519.38","$1,345.48","$1,878.27","$1,435.53","$1,312.39","$1,573.31","$1,683.62","$1,428.87","$1,392.10","$1,809.78","$1,551.14","$1,307.78","$1,448.18","$1,558.42","$1,560.23","$1,519.75","$2,039.00","$1,736.98","$1,341.35","$1,455.63","$1,585.03","$1,622.05","$1,246.50","$1,734.55","$1,746.80","$1,399.64","$1,281.29","$1,790.47","$1,752.72","$2,491.30","$2,668.32",$0.00,"$1,559.96","$2,202.05","$1,635.89","$1,629.56","$1,718.09","$1,756.31","$1,385.78","$1,460.95","$1,383.35","$1,530.38","$1,892.30","$1,519.47","$1,709.64","$1,616.48","$1,086.99","$1,541.96","$1,619.75","$1,416.33","$1,738.74","$1,568.13","$1,531.04","$1,429.93","$1,496.23","$1,515.08","$1,539.76","$1,614.61","$1,714.21","$1,825.02","$1,243.38","$1,631.39","$1,629.77","$1,447.88","$1,501.45","$2,193.18","$1,639.79","$1,137.29","$1,632.25","$1,705.13","$1,451.29","$1,763.68","$1,915.78","$1,598.25","$1,252.74","$1,900.59","$1,700.95","$1,564.34","$1,930.35","$2,162.69","$1,478.80","$1,266.92","$1,645.74","$1,684.59","$1,556.34","$1,807.03","$1,991.17","$1,870.93","$1,205.92","$2,179.91","$1,432.30","$1,597.90","$1,648.82","$1,833.18","$1,791.05","$1,616.62","$1,391.39","$1,571.43","$1,508.71","$1,678.95","$1,921.36","$1,837.13","$1,522.38","$1,469.03","$1,801.21","$1,606.55","$1,742.49","$2,155.96","$1,628.44","$1,402.57","$1,424.29","$1,718.44","$1,557.64","$1,814.29","$1,840.49","$1,689.54","$1,637.25","$1,820.11","$1,755.25","$1,781.65","$1,740.29","$1,834.44","$1,614.45","$1,422.88","$1,580.78","$1,660.24","$1,448.14","$1,841.50","$1,693.16","$1,840.84","$1,380.03","$1,469.19","$1,808.50","$1,607.28","$1,766.48","$1,997.65","$1,687.46","$1,662.11","$1,614.65","$1,664.02","$1,632.74","$1,786.69","$1,906.91","$1,394.99","$1,116.07","$1,681.84","$1,554.63","$1,576.08","$1,671.68","$2,074.94","$1,376.25","$1,491.87","$1,406.23","$1,638.61","$1,749.30","$1,571.98","$1,764.93","$1,510.78","$1,618.78","$1,631.41","$1,645.09","$1,512.33","$1,911.62","$1,952.83","$1,770.65","$1,263.15","$1,542.57","$1,725.45","$1,514.11","$1,801.79","$1,954.45","$1,815.64","$1,505.04","$1,542.39","$1,635.75","$1,750.10","$1,930.80","$1,796.43","$1,775.42","$1,460.30","$1,929.30","$1,685.45","$1,736.57","$2,007.00","$1,962.00","$1,792.62","$1,531.10","$1,486.94","$1,646.05","$2,266.00","$1,818.80","$1,871.18","$1,860.50","$1,294.09","$1,732.30","$1,563.05","$1,505.70","$1,754.97","$2,002.60","$1,742.70","$1,416.98","$1,763.80","$1,590.50","$1,600.90","$1,806.75","$1,695.40","$1,970.15","$1,443.45","$1,576.15","$1,677.00","$1,760.05","$1,783.20","$2,206.20","$1,577.30","$1,448.96","$1,605.25","$1,550.25","$1,745.49","$1,970.36","$1,988.95","$1,987.00","$2,899.25","$2,115.38","$1,770.40","$1,594.74","$1,990.70","$1,932.41","$1,751.65","$1,486.78","$1,541.98","$1,726.14","$1,669.18","$1,826.88","$2,280.67","$1,866.48","$1,597.55","$1,685.11","$1,943.67","$1,723.22","$1,919.35","$2,142.72","$1,738.35","$1,397.45","$1,829.75","$1,724.90","$1,667.51","$1,790.90","$2,112.01","$2,209.20","$1,685.20","$1,733.56","$1,769.32","$1,637.11","$2,220.55","$2,093.15","$1,994.00","$1,706.60","$1,679.83","$1,882.98","$1,777.88","$1,814.52","$2,454.34","$1,804.58","$2,056.25","$1,700.45","$1,858.39","$2,060.45","$2,161.80","$2,308.95","$1,877.38","$1,858.20","$1,605.85","$1,856.44","$1,711.21","$1,826.50","$2,450.93","$1,986.48","$1,750.00","$1,745.32","$1,798.88","$1,860.68","$1,881.05","$2,199.75","$2,164.26","$1,931.15","$1,778.70","$1,893.00","$1,889.03","$1,801.55","$1,852.97","$2,102.13","$1,484.10","$1,883.05","$1,689.00","$1,897.01","$1,999.60","$2,355.01","$1,857.78","$1,564.48","$1,650.36","$1,829.95","$1,898.15","$2,171.00","$2,130.55","$2,243.71","$1,625.85","$2,049.81","$1,864.85","$1,944.35","$1,976.17","$2,283.50","$2,171.70","$1,847.55","$1,700.64","$1,684.45","$2,104.83","$1,842.45","$1,754.25","$2,039.85","$1,764.57","$1,597.77","$1,932.23","$2,349.26",$0.00,$0.00,$0.00,$0.00,$0.00,"$1,619.82","$1,691.95",$0.00
Cash,$0.00,$81.00,$111.95,$14.50,$0.00,$41.00,$36.00,$73.85,$132.70,$94.00,$90.95,$21.00,$108.50,$212.25,$133.50,$87.25,$92.55,$43.00,$0.00,$78.55,$151.45,$58.00,$49.50,$97.30,$96.45,$79.40,$0.00,$106.95,$100.00,$145.40,$199.00,$83.05,$54.50,$27.70,$123.20,$59.90,$120.10,$177.95,$30.00,$47.00,$34.00,$80.40,$12.50,$99.35,$25.50,$94.00,$0.00,$64.50,$93.00,$60.40,$56.90,$136.05,$13.50,$27.30,$126.20,$126.20,$71.60,$43.50,$125.90,$127.10,$32.00,$34.45,$93.40,$101.50,$93.70,$202.45,$0.00,$63.30,$46.00,$56.00,$95.70,$94.50,$103.50,$51.00,$15.00,$25.00,$97.45,$105.50,$90.00,$122.00,$89.50,$54.00,$46.50,$105.40,$31.00,$82.50,$95.80,$94.45,$66.85,$45.00,$128.80,$140.65,$93.45,$65.80,$66.00,$28.50,$101.75,$83.40,$139.00,$102.80,$143.90,$119.50,$103.45,$95.95,$187.90,$39.40,$120.80,$90.50,$54.00,$6.00,$109.00,$127.70,$98.50,$146.70,$126.50,$84.00,$11.40,$90.50,$75.35,$133.00,$83.95,$117.00,$96.00,$86.00,$67.50,$128.00,$83.00,$79.95,$107.00,$88.50,$38.50,$108.40,$56.35,$132.80,$63.00,$103.35,$40.50,$46.00,$73.45,$185.75,$88.45,$118.95,$190.15,$101.50,$64.45,$100.00,$141.00,$91.00,$104.80,$136.50,$50.00,$160.50,$80.85,$115.50,$141.15,$79.00,$86.90,$64.50,$63.50,$158.40,$138.40,$108.50,$118.40,$76.45,$84.50,$60.00,$54.50,$48.40,$74.00,$84.90,$89.95,$78.95,$41.50,$83.45,$175.95,$122.50,$91.00,$113.70,$70.50,$33.50,$31.50,$73.90,$67.90,$71.00,$108.50,$92.00,$36.00,$49.45,$94.65,$152.75,$94.40,$145.55,$55.55,$46.00,$134.50,$74.50,$114.50,$82.50,$112.50,$152.00,$71.50,$107.45,$61.00,$98.20,$50.05,$88.90,$57.00,$73.30,$88.90,$116.90,$101.35,$120.95,$107.00,$69.50,$59.45,$60.95,$91.90,$82.95,$179.80,$165.45,$74.50,$124.95,$144.90,$69.45,$165.00,$134.95,$58.00,$188.20,$99.90,$74.00,$124.95,$92.00,$81.00,$115.55,$76.00,$40.05,$35.00,$71.95,$87.50,$159.50,$46.50,$73.00,$55.00,$147.00,$101.40,$129.50,$71.70,$91.50,$90.50,$105.95,$91.00,$74.40,$76.25,$157.35,$84.20,$80.00,$215.45,$52.00,$123.35,$106.95,$153.90,$116.55,$88.75,$62.25,$73.25,$48.85,$81.30,$88.00,$102.40,$143.40,$46.00,$96.00,$94.45,$77.50,$141.35,$132.85,$108.95,$27.50,$36.85,$67.40,$137.90,$133.45,$162.00,$65.50,$130.95,$93.45,$78.50,$80.90,$54.40,$110.50,$117.15,$86.00,$97.50,$119.40,$53.50,$121.50,$133.45,$48.00,$26.00,$99.35,$57.40,$191.65,$94.50,$99.00,$86.00,$87.00,$104.00,$60.45,$84.40,$163.00,$123.35,$55.50,$70.00,$32.45,$116.35,$49.40,$97.80,$134.95,$64.50,$159.95,$135.00,$84.00,$63.85,$96.95,$108.50,$172.45,$115.50,$107.50,$97.80,$55.40,$110.70,$196.00,$57.50,$58.50,$85.00,$85.35,$120.45,$114.30,$59.00,$66.50,$105.45,$97.95,$83.00,$72.50,$111.30,$133.85,$48.50,$20.50,$29.50,$62.50,$75.90,$72.50,$107.50,$65.50,$30.40,$85.85,$75.50,$55.35,$0.00,$0.00,$0.00,$0.00,$0.00,$29.00,$45.00,$0.00
Card,$0.00,"$1,748.94","$1,754.32","$1,355.29","$1,709.97","$1,409.49","$1,431.29","$1,428.47","$1,590.20","$1,643.23","$1,695.00","$1,331.00","$1,362.63","$1,265.30","$1,507.28","$1,472.59","$1,630.08","$1,578.89","$1,284.10","$1,495.60","$1,246.99","$1,322.03","$1,342.70","$1,420.72","$1,670.31","$1,210.83","$1,536.77","$1,365.78","$1,337.73","$1,456.10","$1,326.84","$1,506.84","$1,364.30","$1,312.82","$1,311.50","$1,453.48","$1,209.88","$1,700.32","$1,405.53","$1,265.39","$1,539.31","$1,603.22","$1,416.37","$1,278.75","$1,772.78","$1,457.14","$1,307.78","$1,383.68","$1,465.42","$1,499.83","$1,462.85","$1,902.95","$1,723.48","$1,314.05","$1,329.43","$1,458.83","$1,550.45","$1,203.00","$1,608.65","$1,619.70","$1,367.64","$1,246.84","$1,697.07","$1,651.22","$2,391.60","$2,465.87",$0.00,"$1,496.66","$2,156.05","$1,579.89","$1,533.86","$1,623.59","$1,641.61","$1,327.78","$1,445.95","$1,358.35","$1,432.93","$1,786.80","$1,429.47","$1,587.64","$1,510.48","$1,032.99","$1,495.46","$1,514.35","$1,385.33","$1,656.24","$1,472.33","$1,436.59","$1,363.08","$1,451.23","$1,386.28","$1,399.11","$1,521.16","$1,648.41","$1,759.02","$1,214.88","$1,529.64","$1,546.37","$1,308.88","$1,398.65","$2,049.28","$1,520.29","$1,033.84","$1,536.30","$1,517.23","$1,411.89","$1,642.88","$1,811.28","$1,544.25","$1,246.74","$1,791.59","$1,559.25","$1,465.84","$1,758.15","$2,036.19","$1,394.80","$1,255.52","$1,555.24","$1,609.24","$1,423.34","$1,723.08","$1,874.17","$1,774.93","$1,112.92","$2,112.41","$1,304.30","$1,514.90","$1,568.87","$1,726.18","$1,702.55","$1,578.12","$1,282.99","$1,508.08","$1,375.91","$1,615.95","$1,818.01","$1,796.63","$1,476.38","$1,395.58","$1,615.46","$1,518.10","$1,623.54","$1,965.81","$1,526.94","$1,338.12","$1,324.29","$1,571.14","$1,466.64","$1,695.49","$1,703.99","$1,639.54","$1,476.75","$1,739.26","$1,639.75","$1,640.50","$1,661.29","$1,747.54","$1,549.95","$1,359.38","$1,422.38","$1,521.84","$1,339.64","$1,723.10","$1,616.71","$1,756.34","$1,300.03","$1,414.69","$1,754.60","$1,521.28","$1,681.58","$1,907.70","$1,608.51","$1,620.61","$1,531.20","$1,488.07","$1,510.24","$1,695.69","$1,793.21","$1,324.49","$1,082.57","$1,650.34","$1,480.73","$1,496.18","$1,600.68","$1,966.44","$1,284.25","$1,455.87","$1,356.78","$1,531.96","$1,589.05","$1,477.58","$1,619.38","$1,455.23","$1,572.78","$1,496.91","$1,570.59","$1,397.83","$1,829.12","$1,840.33","$1,618.65","$1,191.65","$1,435.12","$1,664.45","$1,415.91","$1,737.74","$1,865.55","$1,758.64","$1,425.74","$1,453.49","$1,518.85","$1,648.75","$1,809.85","$1,689.43","$1,705.92","$1,400.85","$1,868.35","$1,587.55","$1,653.62","$1,827.20","$1,796.55","$1,718.12","$1,406.15","$1,342.04","$1,576.60","$2,101.00","$1,683.85","$1,800.18","$1,672.30","$1,194.19","$1,658.30","$1,438.10","$1,413.70","$1,673.97","$1,887.05","$1,666.70","$1,376.93","$1,728.80","$1,518.55","$1,513.40","$1,647.25","$1,648.90","$1,897.15","$1,388.45","$1,429.15","$1,575.60","$1,630.55","$1,711.50","$2,114.70","$1,486.80","$1,343.01","$1,514.25","$1,475.85","$1,669.24","$1,813.01","$1,904.75","$1,907.00","$2,683.80","$2,063.38","$1,647.05","$1,487.79","$1,836.80","$1,815.86","$1,656.40","$1,424.53","$1,468.73","$1,661.29","$1,587.88","$1,738.88","$2,178.27","$1,723.08","$1,551.55","$1,589.11","$1,849.22","$1,645.72","$1,778.00","$2,009.87","$1,629.40","$1,336.45","$1,792.90","$1,657.50","$1,529.61","$1,657.45","$1,950.01","$2,143.70","$1,554.25","$1,640.11","$1,690.82","$1,556.21","$2,166.15","$1,982.65","$1,785.85","$1,620.60","$1,575.83","$1,763.58","$1,713.38","$1,686.52","$2,320.89","$1,756.58","$2,030.25","$1,601.10","$1,800.99","$1,868.80","$2,067.30","$2,203.45","$1,790.38","$1,771.20","$1,494.35","$1,795.99","$1,626.81","$1,663.50","$2,327.58","$1,930.98","$1,680.00","$1,712.87","$1,682.53","$1,811.28","$1,783.25","$2,064.80","$2,099.76","$1,771.20","$1,643.70","$1,799.00","$1,825.18","$1,704.60","$1,734.47","$1,929.68","$1,368.60","$1,775.55","$1,591.20","$1,841.61","$1,888.90","$2,159.01","$1,800.28","$1,499.48","$1,559.36","$1,740.60","$1,777.70","$2,056.70","$2,071.55","$2,171.21","$1,514.40","$1,951.86","$1,763.35","$1,871.85","$1,864.87","$2,149.65","$2,123.20","$1,827.05","$1,671.14","$1,615.45","$2,022.43","$1,769.95","$1,633.75","$1,974.35","$1,734.17","$1,511.92","$1,856.73","$2,281.31",$0.00,$0.00,$0.00,$0.00,$0.00,"$1,590.82","$1,646.95",$0.00
Other,$0.00,$0.00,$0.00,$0.00,$0.00,$0.00,$0.00,$0.00,$0.00,$0.00,$0.00,$0.00,$0.00,$0.00,$0.00,$0.00,$0.00,$0.00,$0.00,$0.00,$0.00,$0.00,$0.00,$0.00,$0.00,$0.00,$0.00,$0.00,$0.00,$0.00,$0.00,$0.00,$0.00,$0.00,$0.00,$0.00,$0.00,$0.00,$0.00,$0.00,$0.00,$0.00,$0.00,$0.00,$0.00,$0.00,$0.00,$0.00,$0.00,$0.00,$0.00,$0.00,$0.00,$0.00,$0.00,$0.00,$0.00,$0.00,$0.00,$0.00,$0.00,$0.00,$0.00,$0.00,$0.00,$0.00,$0.00,$0.00,$0.00,$0.00,$0.00,$0.00,$0.00,$0.00,$0.00,$0.00,$0.00,$0.00,$0.00,$0.00,$0.00,$0.00,$0.00,$0.00,$0.00,$0.00,$0.00,$0.00,$0.00,$0.00,$0.00,$0.00,$0.00,$0.00,$0.00,$0.00,$0.00,$0.00,$0.00,$0.00,$0.00,$0.00,$0.00,$0.00,$0.00,$0.00,$0.00,$0.00,$0.00,$0.00,$0.00,$0.00,$0.00,$0.00,$0.00,$0.00,$0.00,$0.00,$0.00,$0.00,$0.00,$0.00,$0.00,$0.00,$0.00,$0.00,$0.00,$0.00,$0.00,$0.00,$0.00,$0.00,$0.00,$0.00,$0.00,$0.00,$0.00,$0.00,$0.00,$0.00,$0.00,$0.00,$0.00,$0.00,$0.00,$0.00,$0.00,$0.00,$0.00,$0.00,$0.00,$0.00,$0.00,$0.00,$0.00,$0.00,$0.00,$0.00,$0.00,$0.00,$0.00,$0.00,$0.00,$0.00,$0.00,$0.00,$0.00,$0.00,$0.00,$0.00,$0.00,$0.00,$0.00,$0.00,$0.00,$0.00,$0.00,$0.00,$0.00,$0.00,$0.00,$0.00,$0.00,$0.00,$0.00,$0.00,$0.00,$0.00,$0.00,$0.00,$0.00,$0.00,$0.00,$0.00,$0.00,$0.00,$0.00,$0.00,$0.00,$0.00,$0.00,$0.00,$0.00,$0.00,$0.00,$0.00,$0.00,$0.00,$0.00,$0.00,$0.00,$0.00,$0.00,$0.00,$0.00,$0.00,$0.00,$0.00,$0.00,$0.00,$0.00,$0.00,$0.00,$0.00,$0.00,$0.00,$0.00,$0.00,$0.00,$0.00,$0.00,$0.00,$0.00,$0.00,$0.00,$0.00,$0.00,$0.00,$0.00,$0.00,$0.00,$0.00,$0.00,$0.00,$0.00,$0.00,$0.00,$0.00,$0.00,$0.00,$0.00,$0.00,$0.00,$0.00,$0.00,$0.00,$0.00,$0.00,$0.00,$0.00,$0.00,$0.00,$0.00,$0.00,$0.00,$0.00,$0.00,$0.00,$0.00,$0.00,$0.00,$0.00,$0.00,$0.00,$0.00,$0.00,$0.00,$0.00,$0.00,$0.00,$0.00,$0.00,$0.00,$0.00,$0.00,$0.00,$0.00,$0.00,$0.00,$0.00,$0.00,$0.00,$0.00,$0.00,$0.00,$0.00,$0.00,$0.00,$0.00,$0.00,$0.00,$0.00,$0.00,$0.00,$0.00,$0.00,$0.00,$0.00,$0.00,$0.00,$0.00,$0.00,$0.00,$0.00,$0.00,$0.00,$0.00,$0.00,$0.00,$0.00,$0.00,$0.00,$0.00,$0.00,$0.00,$0.00,$0.00,$0.00,$0.00,$0.00,$0.00,$0.00,$0.00,$0.00,$0.00,$0.00,$0.00,$0.00,$0.00,$0.00,$0.00,$0.00,$0.00,$0.00,$0.00,$0.00,$0.00,$0.00,$0.00,$0.00,$0.00,$0.00,$0.00,$0.00,$0.00,$0.00,$0.00,$0.00,$0.00,$0.00,$0.00,$0.00,$0.00,$0.00,$0.00,$0.00
Gift Card,$0.00,$0.00,$0.00,$0.00,$0.00,$0.00,$0.00,$0.00,$0.00,$0.00,$0.00,$0.00,$0.00,$0.00,$0.00,$0.00,$0.00,$0.00,$0.00,$0.00,$0.00,$0.00,$0.00,$0.00,$0.00,$0.00,$0.00,$0.00,$0.00,$0.00,$0.00,$0.00,$0.00,$0.00,$0.00,$0.00,$0.00,$0.00,$0.00,$0.00,$0.00,$0.00,$0.00,$0.00,$0.00,$0.00,$0.00,$0.00,$0.00,$0.00,$0.00,$0.00,$0.00,$0.00,$0.00,$0.00,$0.00,$0.00,$0.00,$0.00,$0.00,$0.00,$0.00,$0.00,$0.00,$0.00,$0.00,$0.00,$0.00,$0.00,$0.00,$0.00,$0.00,$0.00,$0.00,$0.00,$0.00,$0.00,$0.00,$0.00,$0.00,$0.00,$0.00,$0.00,$0.00,$0.00,$0.00,$0.00,$0.00,$0.00,$0.00,$0.00,$0.00,$0.00,$0.00,$0.00,$0.00,$0.00,$0.00,$0.00,$0.00,$0.00,$0.00,$0.00,$0.00,$0.00,$0.00,$0.00,$0.00,$0.00,$0.00,$0.00,$0.00,$0.00,$0.00,$0.00,$0.00,$0.00,$0.00,$0.00,$0.00,$0.00,$0.00,$0.00,$0.00,$0.00,$0.00,$0.00,$0.00,$0.00,$0.00,$0.00,$0.00,$0.00,$0.00,$0.00,$0.00,$0.00,$0.00,$0.00,$0.00,$0.00,$0.00,$0.00,$0.00,$0.00,$0.00,$0.00,$0.00,$0.00,$0.00,$0.00,$0.00,$0.00,$0.00,$0.00,$0.00,$0.00,$0.00,$0.00,$0.00,$0.00,$0.00,$0.00,$0.00,$0.00,$0.00,$0.00,$0.00,$0.00,$0.00,$0.00,$0.00,$0.00,$0.00,$0.00,$0.00,$0.00,$0.00,$0.00,$0.00,$0.00,$12.00,$0.00,$0.00,$0.00,$0.00,$0.00,$0.00,$0.00,$0.00,$0.00,$0.00,$0.00,$0.00,$0.00,$0.00,$0.00,$0.00,$0.00,$0.00,$0.00,$0.00,$0.00,$0.00,$0.00,$0.00,$0.00,$0.00,$0.00,$0.00,$0.00,$0.00,$0.00,$0.00,$0.00,$0.00,$0.00,$0.00,$0.00,$0.00,$0.00,$0.00,$0.00,$0.00,$0.00,$0.00,$0.00,$0.00,$0.00,$0.00,$0.00,$0.00,$0.00,$0.00,$0.00,$0.00,$0.00,$0.00,$0.00,$0.00,$0.00,$0.00,$0.00,$0.00,$0.00,$0.00,$0.00,$0.00,$0.00,$0.00,$0.00,$0.00,$0.00,$0.00,$0.00,$0.00,$0.00,$0.00,$0.00,$0.00,$0.00,$6.50,$0.00,$0.00,$0.00,$0.00,$0.00,$0.00,$0.00,$0.00,$0.00,$0.00,$0.00,$0.00,$0.00,$0.00,$0.00,$0.00,$0.00,$0.00,$0.00,$0.00,$0.00,$0.00,$0.00,$0.00,$0.00,$0.00,$0.00,$91.00,$0.00,$6.50,$0.00,$11.00,$6.50,$0.00,$0.00,$0.00,$0.00,$0.00,$0.00,$0.00,$6.50,$1.00,$0.00,$0.00,$0.00,$0.00,$0.00,$0.00,$0.00,$0.00,$0.00,$0.00,$0.00,$0.00,$0.00,$0.00,$0.00,$0.00,$10.00,$0.00,$0.00,$10.00,$0.00,$0.00,$0.00,$0.00,$0.00,$0.00,$0.00,$0.00,$6.50,$6.00,$4.00,$0.00,$0.00,$0.00,$6.00,$6.00,$0.00,$0.00,$0.00,$0.00,$0.00,$0.00,$0.00,$0.00,$6.50,$6.50,$0.00,$0.00,$0.00,$0.00,$0.00,$0.00,$12.60,$0.00,$0.00,$0.00,$0.00,$0.00,$0.00,$0.00,$0.00
Clearpay,$0.00,$0.00,$0.00,$0.00,$16.00,$0.00,$0.00,$0.00,$0.00,$0.00,$0.00,$0.00,$0.00,$15.30,$0.00,$0.00,$14.00,$0.00,$0.00,$0.00,$0.00,$0.00,$0.00,$0.00,$0.00,$0.00,$0.00,$0.00,$0.00,$0.00,$0.00,$0.00,$0.00,$0.00,$0.00,$6.00,$15.50,$0.00,$0.00,$0.00,$0.00,$0.00,$0.00,$14.00,$11.50,$0.00,$0.00,$0.00,$0.00,$0.00,$0.00,$0.00,$0.00,$0.00,$0.00,$0.00,$0.00,$0.00,$0.00,$0.00,$0.00,$0.00,$0.00,$0.00,$6.00,$0.00,$0.00,$0.00,$0.00,$0.00,$0.00,$0.00,$11.20,$7.00,$0.00,$0.00,$0.00,$0.00,$0.00,$0.00,$16.50,$0.00,$0.00,$0.00,$0.00,$0.00,$0.00,$0.00,$0.00,$0.00,$0.00,$0.00,$0.00,$0.00,$0.00,$0.00,$0.00,$0.00,$0.00,$0.00,$0.00,$0.00,$0.00,$0.00,$0.00,$0.00,$0.00,$14.00,$0.00,$0.00,$0.00,$14.00,$0.00,$25.50,$0.00,$0.00,$0.00,$0.00,$0.00,$0.00,$0.00,$0.00,$0.00,$7.00,$0.00,$0.00,$0.00,$0.00,$0.00,$0.00,$0.00,$0.00,$7.00,$0.00,$0.00,$0.00,$0.00,$0.00,$0.00,$0.00,$0.00,$0.00,$0.00,$0.00,$0.00,$0.00,$6.30,$0.00,$14.00,$0.00,$0.00,$0.00,$0.00,$0.00,$0.00,$0.00,$0.00,$0.00,$0.00,$0.00,$0.00,$0.00,$0.00,$0.00,$0.00,$20.00,$0.00,$5.50,$12.00,$0.00,$0.00,$0.00,$0.00,$0.00,$0.00,$0.00,$0.00,$0.00,$0.00,$0.00,$0.00,$0.00,$0.00,$0.00,$0.00,$0.00,$0.00,$0.00,$12.00,$7.50,$0.00,$0.00,$0.00,$0.00,$0.00,$0.00,$0.00,$0.00,$0.00,$0.00,$0.00,$0.00,$0.00,$0.00,$14.00,$0.00,$0.00,$6.00,$0.00,$0.00,$0.00,$0.00,$0.00,$0.00,$0.00,$0.00,$6.00,$0.00,$0.00,$0.00,$0.00,$0.00,$0.00,$0.00,$0.00,$0.00,$13.00,$0.00,$0.00,$0.00,$0.00,$0.00,$0.00,$0.00,$0.00,$0.00,$0.00,$0.00,$0.00,$0.00,$0.00,$0.00,$0.00,$0.00,$0.00,$0.00,$0.00,$0.00,$0.00,$0.00,$0.00,$0.00,$0.00,$0.00,$0.00,$0.00,$0.00,$0.00,$0.00,$0.00,$0.00,$0.00,$0.00,$0.00,$0.00,$16.00,$0.00,$0.00,$0.00,$0.00,$0.00,$0.00,$0.00,$0.00,$0.00,$0.00,$0.00,$33.50,$0.00,$0.00,$0.00,$0.00,$0.00,$0.00,$0.00,$0.00,$0.00,$0.00,$0.00,$0.00,$0.00,$0.00,$0.00,$0.00,$0.00,$0.00,$0.00,$0.00,$0.00,$0.00,$0.00,$0.00,$0.00,$0.00,$0.00,$0.00,$7.50,$0.00,$0.00,$0.00,$0.00,$0.00,$0.00,$0.00,$0.00,$0.00,$0.00,$0.00,$0.00,$0.00,$0.00,$0.00,$0.00,$0.00,$0.00,$0.00,$0.00,$0.00,$0.00,$0.00,$0.00,$0.00,$0.00,$0.00,$0.00,$0.00,$0.00,$0.00,$0.00,$0.00,$0.00,$0.00,$18.50,$0.00,$0.00,$0.00,$0.00,$0.00,$0.00,$0.00,$0.00,$0.00,$13.00,$0.00,$0.00,$0.00,$0.00,$0.00,$0.00,$0.00,$0.00,$0.00,$0.00,$0.00,$0.00,$0.00
Fees,$0.00,-$28.20,-$28.26,-$21.73,-$28.82,-$22.86,-$23.24,-$23.16,-$25.64,-$26.48,-$27.21,-$21.48,-$22.12,-$21.96,-$24.35,-$23.80,-$27.54,-$25.36,-$20.61,-$24.22,-$20.16,-$21.45,-$21.67,-$22.81,-$26.80,-$19.44,-$24.67,-$22.17,-$21.74,-$23.53,-$21.49,-$24.32,-$21.97,-$21.20,-$21.29,-$24.19,-$20.91,-$27.41,-$22.60,-$20.29,-$24.92,-$25.90,-$22.84,-$21.91,-$29.77,-$23.44,-$20.97,-$22.36,-$23.68,-$24.20,-$23.57,-$30.61,-$27.72,-$21.19,-$21.51,-$23.68,-$25.04,-$19.41,-$25.93,-$26.02,-$22.16,-$20.23,-$27.38,-$26.60,-$39.12,-$39.55,$0.00,-$23.99,-$36.13,-$25.56,-$24.86,-$26.21,-$27.56,-$22.21,-$23.32,-$21.93,-$23.14,-$28.87,-$23.15,-$25.71,-$25.72,-$16.55,-$24.30,-$24.51,-$22.40,-$26.71,-$23.83,-$23.04,-$21.98,-$23.45,-$22.38,-$22.57,-$24.50,-$26.69,-$28.30,-$19.52,-$24.68,-$24.92,-$21.14,-$22.75,-$33.09,-$24.46,-$16.65,-$24.86,-$24.43,-$22.87,-$26.45,-$30.35,-$24.79,-$20.07,-$28.73,-$26.37,-$23.64,-$30.80,-$32.75,-$22.71,-$20.28,-$25.19,-$26.03,-$22.94,-$27.68,-$30.15,-$28.58,-$18.90,-$34.02,-$21.10,-$24.49,-$25.43,-$28.00,-$27.55,-$25.41,-$20.81,-$25.15,-$22.30,-$26.09,-$29.28,-$29.03,-$23.77,-$22.62,-$26.06,-$24.43,-$26.15,-$31.75,-$24.64,-$21.56,-$21.43,-$26.04,-$23.62,-$28.63,-$27.52,-$26.42,-$23.71,-$28.01,-$26.62,-$26.43,-$26.80,-$28.21,-$25.05,-$22.08,-$23.00,-$24.60,-$21.53,-$27.81,-$26.13,-$28.32,-$22.64,-$22.89,-$29.19,-$25.85,-$27.16,-$30.86,-$25.96,-$26.07,-$24.87,-$24.20,-$24.41,-$27.39,-$28.97,-$21.33,-$17.55,-$26.64,-$24.00,-$24.13,-$25.88,-$31.99,-$20.65,-$23.49,-$21.90,-$25.77,-$26.49,-$23.97,-$26.27,-$23.46,-$25.39,-$24.36,-$25.46,-$22.61,-$29.59,-$29.91,-$26.08,-$19.21,-$23.21,-$27.01,-$23.17,-$29.40,-$30.25,-$28.43,-$23.82,-$23.56,-$24.90,-$26.66,-$29.24,-$27.33,-$27.56,-$22.66,-$30.25,-$26.38,-$26.73,-$29.61,-$29.07,-$27.65,-$22.56,-$21.79,-$25.45,-$33.78,-$27.23,-$30.36,-$27.02,-$19.29,-$26.92,-$23.37,-$22.81,-$27.06,-$30.44,-$26.76,-$22.22,-$30.44,-$24.60,-$24.43,-$26.53,-$26.59,-$30.53,-$22.37,-$23.15,-$25.38,-$26.34,-$27.63,-$34.15,-$23.97,-$21.62,-$24.59,-$23.81,-$26.63,-$28.95,-$30.68,-$30.54,-$42.90,-$33.12,-$26.43,-$23.85,-$29.44,-$29.15,-$26.44,-$22.85,-$23.44,-$28.00,-$25.40,-$27.80,-$34.82,-$27.47,-$24.84,-$25.43,-$29.64,-$26.20,-$28.43,-$32.09,-$26.01,-$23.89,-$28.61,-$26.52,-$24.50,-$26.61,-$31.32,-$34.44,-$24.83,-$26.37,-$27.15,-$24.85,-$34.76,-$31.77,-$28.59,-$25.99,-$25.30,-$28.16,-$27.42,-$26.95,-$37.22,-$28.09,-$32.66,-$25.49,-$28.77,-$29.97,-$33.05,-$35.35,-$28.63,-$28.31,-$24.80,-$28.89,-$26.04,-$26.69,-$37.41,-$30.89,-$27.00,-$27.41,-$26.94,-$29.05,-$28.59,-$33.20,-$33.56,-$28.31,-$26.23,-$28.76,-$29.20,-$27.17,-$27.84,-$31.08,-$21.92,-$28.48,-$25.51,-$29.60,-$30.30,-$34.73,-$28.72,-$24.10,-$24.93,-$28.01,-$28.50,-$33.06,-$33.27,-$34.78,-$24.16,-$31.33,-$29.95,-$29.93,-$29.75,-$34.36,-$34.00,-$29.30,-$26.81,-$25.78,-$32.43,-$28.25,-$27.40,-$31.53,-$27.81,-$24.23,-$29.79,-$36.43,$0.00,-$0.12,$0.00,$0.00,$0.00,-$25.34,-$26.30,$0.00
Net Total,$0.00,"$1,801.74","$1,838.01","$1,348.06","$1,697.15","$1,427.63","$1,444.05","$1,479.16","$1,697.26","$1,710.75","$1,758.74","$1,330.52","$1,449.01","$1,470.89","$1,616.43","$1,536.04","$1,709.09","$1,596.53","$1,263.49","$1,549.93","$1,378.28","$1,358.58","$1,370.53","$1,495.21","$1,739.96","$1,270.79","$1,512.10","$1,450.56","$1,415.99","$1,577.97","$1,504.35","$1,565.57","$1,396.83","$1,319.32","$1,413.41","$1,495.19","$1,324.57","$1,850.86","$1,412.93","$1,292.10","$1,548.39","$1,657.72","$1,406.03","$1,370.19","$1,780.01","$1,527.70","$1,286.81","$1,425.82","$1,534.74","$1,536.03","$1,496.18","$2,008.39","$1,709.26","$1,320.16","$1,434.12","$1,561.35","$1,597.01","$1,227.09","$1,708.62","$1,720.78","$1,377.48","$1,261.06","$1,763.09","$1,726.12","$2,452.18","$2,628.77",$0.00,"$1,535.97","$2,165.92","$1,610.33","$1,604.70","$1,691.88","$1,728.75","$1,363.57","$1,437.63","$1,361.42","$1,507.24","$1,863.43","$1,496.32","$1,683.93","$1,590.76","$1,070.44","$1,517.66","$1,595.24","$1,393.93","$1,712.03","$1,544.30","$1,508.00","$1,407.95","$1,472.78","$1,492.70","$1,517.19","$1,590.11","$1,687.52","$1,796.72","$1,223.86","$1,606.71","$1,604.85","$1,426.74","$1,478.70","$2,160.09","$1,615.33","$1,120.64","$1,607.39","$1,680.70","$1,428.42","$1,737.23","$1,885.43","$1,573.46","$1,232.67","$1,871.86","$1,674.58","$1,540.70","$1,899.55","$2,129.94","$1,456.09","$1,246.64","$1,620.55","$1,658.56","$1,533.40","$1,779.35","$1,961.02","$1,842.35","$1,187.02","$2,145.89","$1,411.20","$1,573.41","$1,623.39","$1,805.18","$1,763.50","$1,591.21","$1,370.58","$1,546.28","$1,486.41","$1,652.86","$1,892.08","$1,808.10","$1,498.61","$1,446.41","$1,775.15","$1,582.12","$1,716.34","$2,124.21","$1,603.80","$1,381.01","$1,402.86","$1,692.40","$1,534.02","$1,785.66","$1,812.97","$1,663.12","$1,613.54","$1,792.10","$1,728.63","$1,755.22","$1,713.49","$1,806.23","$1,589.40","$1,400.80","$1,557.78","$1,635.64","$1,426.61","$1,813.69","$1,667.03","$1,812.52","$1,357.39","$1,446.30","$1,779.31","$1,581.43","$1,739.32","$1,966.79","$1,661.50","$1,636.04","$1,589.78","$1,639.82","$1,608.33","$1,759.30","$1,877.94","$1,373.66","$1,098.52","$1,655.20","$1,530.63","$1,551.95","$1,645.80","$2,042.95","$1,355.60","$1,468.38","$1,384.33","$1,612.84","$1,722.81","$1,548.01","$1,738.66","$1,487.32","$1,593.39","$1,607.05","$1,619.63","$1,489.72","$1,882.03","$1,922.92","$1,744.57","$1,243.94","$1,519.36","$1,698.44","$1,490.94","$1,772.39","$1,924.20","$1,787.21","$1,481.22","$1,518.83","$1,610.85","$1,723.44","$1,901.56","$1,769.10","$1,747.86","$1,437.64","$1,899.05","$1,659.07","$1,709.84","$1,977.39","$1,932.93","$1,764.97","$1,508.54","$1,465.15","$1,620.60","$2,232.22","$1,791.57","$1,840.82","$1,833.48","$1,274.80","$1,705.38","$1,539.68","$1,482.89","$1,727.91","$1,972.16","$1,715.94","$1,394.76","$1,733.36","$1,565.90","$1,576.47","$1,780.22","$1,668.81","$1,939.62","$1,421.08","$1,553.00","$1,651.62","$1,733.71","$1,755.57","$2,172.05","$1,553.33","$1,427.34","$1,580.66","$1,526.44","$1,718.86","$1,941.41","$1,958.27","$1,956.46","$2,856.35","$2,082.26","$1,743.97","$1,570.89","$1,961.26","$1,903.26","$1,725.21","$1,463.93","$1,518.54","$1,698.14","$1,643.78","$1,799.08","$2,245.85","$1,839.01","$1,572.71","$1,659.68","$1,914.03","$1,697.02","$1,890.92","$2,110.63","$1,712.34","$1,373.56","$1,801.14","$1,698.38","$1,643.01","$1,764.29","$2,080.69","$2,174.76","$1,660.37","$1,707.19","$1,742.17","$1,612.26","$2,185.79","$2,061.38","$1,965.41","$1,680.61","$1,654.53","$1,854.82","$1,750.46","$1,787.57","$2,417.12","$1,776.49","$2,023.59","$1,674.96","$1,829.62","$2,030.48","$2,128.75","$2,273.60","$1,848.75","$1,829.89","$1,581.05","$1,827.55","$1,685.17","$1,799.81","$2,413.52","$1,955.59","$1,723.00","$1,717.91","$1,771.94","$1,831.63","$1,852.46","$2,166.55","$2,130.70","$1,902.84","$1,752.47","$1,864.24","$1,859.83","$1,774.38","$1,825.13","$2,071.05","$1,462.18","$1,854.57","$1,663.49","$1,867.41","$1,969.30","$2,320.28","$1,829.06","$1,540.38","$1,625.43","$1,801.94","$1,869.65","$2,137.94","$2,097.28","$2,208.93","$1,601.69","$2,018.48","$1,834.90","$1,914.42","$1,946.42","$2,249.14","$2,137.70","$1,818.25","$1,673.83","$1,658.67","$2,072.40","$1,814.20","$1,726.85","$2,008.32","$1,736.76","$1,573.54","$1,902.44","$2,312.83",$0.00,-$0.12,$0.00,$0.00,$0.00,"$1,594.48","$1,665.65",$0.00
